id,matchid,player,championid,ss1,ss2,role,position
9,10,1,19,4,11,NONE,JUNGLE
0,0,0,42,0,0,NONE,MID
10,10,2,267,3,4,DUO_SUPPORT,BOT
11,10,3,119,7,4,DUO_CARRY,BOT
12,10,4,114,12,4,SOLO,TOP
13,10,5,112,4,3,SOLO,MID
14,10,6,72,11,4,NONE,JUNGLE
15,10,7,3,4,12,SOLO,TOP
16,10,8,103,14,4,SOLO,MID
17,10,9,222,7,4,DUO_CARRY,BOT
18,10,10,161,14,4,DUO_SUPPORT,BOT
19,11,1,115,3,4,DUO_SUPPORT,BOT
20,11,2,69,4,7,DUO_CARRY,BOT
21,11,3,157,14,4,SOLO,MID
22,11,4,4,4,12,SOLO,TOP
23,11,5,28,4,11,NONE,JUNGLE
24,11,6,51,7,4,DUO_CARRY,BOT
25,11,7,62,14,4,SOLO,TOP
26,11,8,134,4,1,SOLO,MID
27,11,9,43,14,4,DUO_SUPPORT,BOT
28,11,10,19,4,11,NONE,JUNGLE
29,12,1,119,4,7,DUO_CARRY,BOT
30,12,2,40,3,4,DUO_SUPPORT,BOT
31,12,3,99,4,21,SOLO,MID
32,12,4,32,4,11,NONE,JUNGLE
33,12,5,67,12,4,SOLO,TOP
34,12,6,103,14,4,SOLO,MID
35,12,7,254,11,4,NONE,JUNGLE
36,12,8,51,4,12,SOLO,TOP
37,12,9,267,3,4,DUO_SUPPORT,BOT
38,12,10,29,4,7,DUO_CARRY,BOT
39,13,1,7,14,4,SOLO,MID
40,13,2,222,4,7,DUO,BOT
41,13,3,19,4,11,NONE,JUNGLE
42,13,4,78,12,4,SOLO,TOP
43,13,5,238,4,14,DUO,BOT
44,13,6,18,4,7,DUO_CARRY,BOT
45,13,7,79,4,12,SOLO,TOP
46,13,8,11,4,11,NONE,JUNGLE
47,13,9,497,4,3,DUO_SUPPORT,BOT
48,13,10,127,4,14,SOLO,MID
49,14,1,61,12,4,SOLO,MID
50,14,2,6,12,4,SOLO,TOP
51,14,3,62,4,11,NONE,JUNGLE
52,14,4,51,4,7,DUO_CARRY,BOT
53,14,5,154,14,4,DUO_SUPPORT,BOT
54,14,6,236,4,7,DUO_CARRY,BOT
55,14,7,19,4,11,NONE,JUNGLE
56,14,8,43,4,3,DUO_SUPPORT,BOT
57,14,9,122,4,12,SOLO,TOP
58,14,10,25,4,14,SOLO,MID
59,15,1,21,7,4,DUO_CARRY,BOT
60,15,2,103,14,4,SOLO,MID
61,15,3,19,4,11,NONE,JUNGLE
62,15,4,412,4,3,DUO_SUPPORT,BOT
63,15,5,86,14,4,SOLO,TOP
64,15,6,267,3,4,DUO_SUPPORT,BOT
65,15,7,23,12,4,SOLO,TOP
66,15,8,64,11,4,NONE,JUNGLE
67,15,9,115,4,7,DUO_CARRY,BOT
68,15,10,157,4,12,SOLO,MID
69,16,1,11,11,4,NONE,JUNGLE
70,16,2,30,4,3,SOLO,MID
71,16,3,157,4,12,SOLO,TOP
72,16,4,236,4,7,DUO_CARRY,BOT
73,16,5,44,3,4,DUO_SUPPORT,BOT
74,16,6,38,4,14,SOLO,MID
75,16,7,75,12,4,SOLO,TOP
76,16,8,89,14,4,DUO_SUPPORT,BOT
77,16,9,29,7,4,DUO_CARRY,BOT
78,16,10,19,4,11,NONE,JUNGLE
79,17,1,11,11,4,NONE,JUNGLE
80,17,2,412,3,4,DUO_SUPPORT,BOT
81,17,3,222,4,7,DUO_CARRY,BOT
82,17,4,236,4,14,SOLO,MID
83,17,5,62,4,12,SOLO,TOP
84,17,6,122,4,6,SOLO,TOP
85,17,7,81,21,4,SOLO,MID
86,17,8,161,4,3,DUO_SUPPORT,BOT
87,17,9,51,7,4,DUO_CARRY,BOT
88,17,10,19,4,11,NONE,JUNGLE
89,18,1,99,4,14,SOLO,MID
90,18,2,22,7,4,DUO_CARRY,BOT
91,18,3,26,4,3,DUO_SUPPORT,BOT
92,18,4,59,12,4,SOLO,TOP
93,18,5,19,4,11,NONE,JUNGLE
94,18,6,412,4,3,DUO_SUPPORT,BOT
95,18,7,7,4,12,SOLO,MID
96,18,8,17,4,14,SOLO,TOP
97,18,9,64,4,11,NONE,JUNGLE
98,18,10,51,4,7,DUO_CARRY,BOT
99,19,1,420,4,12,SOLO,TOP
100,19,2,113,4,11,NONE,JUNGLE
101,19,3,96,7,4,DUO_CARRY,BOT
102,19,4,40,4,3,DUO_SUPPORT,BOT
103,19,5,84,14,4,SOLO,MID
104,19,6,127,4,14,SOLO,MID
105,19,7,236,7,4,DUO_CARRY,BOT
106,19,8,53,3,4,DUO_SUPPORT,BOT
107,19,9,58,4,12,SOLO,TOP
108,19,10,19,4,11,NONE,JUNGLE
109,20,1,40,4,3,DUO,BOT
110,20,2,236,4,7,DUO,BOT
111,20,3,62,12,4,SOLO,TOP
112,20,4,55,4,14,SOLO,MID
113,20,5,19,4,11,NONE,JUNGLE
114,20,6,245,4,14,SOLO,MID
115,20,7,498,4,7,DUO,BOT
116,20,8,497,4,3,DUO,BOT
117,20,9,75,4,12,SOLO,TOP
118,20,10,11,11,6,NONE,JUNGLE
119,21,1,157,4,14,SOLO,TOP
120,21,2,119,7,4,DUO_CARRY,BOT
121,21,3,79,4,11,NONE,JUNGLE
122,21,4,38,4,14,SOLO,MID
123,21,5,40,4,3,DUO_SUPPORT,BOT
124,21,6,497,4,14,DUO_SUPPORT,BOT
125,21,7,498,12,4,DUO_CARRY,BOT
126,21,8,105,14,4,SOLO,MID
127,21,9,19,4,11,NONE,JUNGLE
128,21,10,98,12,4,SOLO,TOP
129,22,1,19,4,11,NONE,JUNGLE
130,22,2,12,3,4,DUO_SUPPORT,BOT
131,22,3,48,4,12,SOLO,TOP
132,22,4,34,4,14,SOLO,MID
133,22,5,18,7,4,DUO_CARRY,BOT
134,22,6,45,4,12,SOLO,MID
135,22,7,51,4,7,DUO_CARRY,BOT
136,22,8,43,3,4,DUO_SUPPORT,BOT
137,22,9,122,4,12,SOLO,TOP
138,22,10,113,11,4,NONE,JUNGLE
139,23,1,19,4,11,NONE,JUNGLE
140,23,2,420,4,12,SOLO,TOP
141,23,3,51,7,4,DUO_CARRY,BOT
142,23,4,432,14,4,DUO_SUPPORT,BOT
143,23,5,105,14,4,SOLO,MID
144,23,6,122,14,4,SOLO,TOP
145,23,7,20,11,4,NONE,JUNGLE
146,23,8,236,4,7,DUO_CARRY,BOT
147,23,9,164,14,4,SOLO,MID
148,23,10,40,4,3,DUO_SUPPORT,BOT
149,24,1,112,4,21,SOLO,MID
150,24,2,432,4,3,DUO_SUPPORT,BOT
151,24,3,67,4,7,DUO_CARRY,BOT
152,24,4,122,12,4,SOLO,TOP
153,24,5,19,4,11,NONE,JUNGLE
154,24,6,25,3,4,DUO_SUPPORT,BOT
155,24,7,103,4,14,SOLO,MID
156,24,8,86,4,12,SOLO,TOP
157,24,9,121,11,4,NONE,JUNGLE
158,24,10,29,4,7,DUO_CARRY,BOT
159,25,1,81,4,14,SOLO,MID
160,25,2,121,4,11,NONE,JUNGLE
161,25,3,267,4,3,DUO_SUPPORT,BOT
162,25,4,51,4,7,DUO_CARRY,BOT
163,25,5,114,4,12,SOLO,TOP
164,25,6,41,4,12,SOLO,TOP
165,25,7,67,4,7,DUO_CARRY,BOT
166,25,8,63,3,4,DUO_SUPPORT,BOT
167,25,9,245,4,12,SOLO,MID
168,25,10,19,4,11,NONE,JUNGLE
169,26,1,21,4,3,DUO_CARRY,BOT
170,26,2,89,4,3,DUO_SUPPORT,BOT
171,26,3,99,4,12,SOLO,MID
172,26,4,48,4,12,SOLO,TOP
173,26,5,104,4,11,NONE,JUNGLE
174,26,6,119,4,7,DUO_CARRY,BOT
175,26,7,112,6,4,SOLO,MID
176,26,8,105,12,4,SOLO,TOP
177,26,9,412,4,3,DUO_SUPPORT,BOT
178,26,10,19,4,11,NONE,JUNGLE
179,27,1,89,4,3,DUO_SUPPORT,BOT
180,27,2,67,4,7,DUO_CARRY,BOT
181,27,3,113,11,4,NONE,JUNGLE
182,27,4,61,4,14,SOLO,MID
183,27,5,91,4,12,SOLO,TOP
184,27,6,111,11,4,NONE,JUNGLE
185,27,7,68,12,4,SOLO,TOP
186,27,8,432,4,3,DUO_SUPPORT,BOT
187,27,9,43,4,12,SOLO,MID
188,27,10,18,4,7,DUO_CARRY,BOT
189,28,1,11,4,14,SOLO,TOP
190,28,2,8,6,4,SOLO,MID
191,28,3,53,4,3,DUO_SUPPORT,BOT
192,28,4,119,4,7,DUO_CARRY,BOT
193,28,5,104,4,11,NONE,JUNGLE
194,28,6,64,4,11,NONE,JUNGLE
195,28,7,89,4,3,DUO_SUPPORT,BOT
196,28,8,29,4,7,DUO_CARRY,BOT
197,28,9,114,12,4,SOLO,TOP
198,28,10,238,14,4,SOLO,MID
199,29,1,39,12,4,SOLO,TOP
200,29,2,432,3,4,DUO_SUPPORT,BOT
201,29,3,498,4,7,DUO_CARRY,BOT
202,29,4,84,7,4,SOLO,MID
203,29,5,19,11,4,NONE,JUNGLE
204,29,6,427,4,11,NONE,JUNGLE
205,29,7,21,4,7,DUO_CARRY,BOT
206,29,8,74,12,4,SOLO,TOP
207,29,9,89,4,3,DUO_SUPPORT,BOT
208,29,10,91,4,14,SOLO,MID
209,30,1,201,4,3,DUO_SUPPORT,BOT
210,30,2,80,4,14,SOLO,TOP
211,30,3,222,7,4,DUO_CARRY,BOT
212,30,4,19,4,11,NONE,JUNGLE
213,30,5,99,12,4,SOLO,MID
214,30,6,61,6,4,SOLO,MID
215,30,7,39,4,12,SOLO,TOP
216,30,8,64,4,11,NONE,JUNGLE
217,30,9,143,4,3,DUO_SUPPORT,BOT
218,30,10,498,7,4,DUO_CARRY,BOT
219,31,1,113,4,11,NONE,JUNGLE
220,31,2,497,4,3,DUO_SUPPORT,BOT
221,31,3,4,4,6,SOLO,MID
222,31,4,498,4,7,DUO_CARRY,BOT
223,31,5,41,4,12,SOLO,TOP
224,31,6,201,4,3,DUO_SUPPORT,BOT
225,31,7,19,4,11,NONE,JUNGLE
226,31,8,429,4,7,DUO_CARRY,BOT
227,31,9,99,21,4,SOLO,MID
228,31,10,114,4,12,SOLO,TOP
229,32,1,64,11,4,NONE,JUNGLE
230,32,2,40,3,4,DUO_SUPPORT,BOT
231,32,3,51,4,7,DUO_CARRY,BOT
232,32,4,55,4,14,SOLO,MID
233,32,5,122,12,4,SOLO,TOP
234,32,6,29,7,4,DUO_CARRY,BOT
235,32,7,157,12,4,SOLO,TOP
236,32,8,53,4,3,DUO_SUPPORT,BOT
237,32,9,6,12,4,SOLO,MID
238,32,10,19,4,11,NONE,JUNGLE
239,33,1,121,4,11,NONE,JUNGLE
240,33,2,240,12,4,SOLO,TOP
241,33,3,202,4,7,DUO_CARRY,BOT
242,33,4,201,3,4,DUO_SUPPORT,BOT
243,33,5,61,21,4,SOLO,MID
244,33,6,23,12,4,SOLO,TOP
245,33,7,238,4,14,SOLO,MID
246,33,8,25,4,14,DUO_SUPPORT,BOT
247,33,9,17,7,4,DUO_CARRY,BOT
248,33,10,19,4,11,NONE,JUNGLE
249,34,1,19,4,11,NONE,JUNGLE
250,34,2,238,4,14,SOLO,MID
251,34,3,12,3,4,DUO_SUPPORT,BOT
252,34,4,245,12,4,SOLO,TOP
253,34,5,236,4,7,DUO_CARRY,BOT
254,34,6,110,7,4,DUO_CARRY,BOT
255,34,7,28,4,11,NONE,JUNGLE
256,34,8,58,4,14,SOLO,TOP
257,34,9,412,3,4,DUO_SUPPORT,BOT
258,34,10,115,12,4,SOLO,MID
259,35,1,19,6,11,NONE,JUNGLE
260,35,2,25,4,14,DUO_SUPPORT,BOT
261,35,3,41,4,12,SOLO,TOP
262,35,4,21,7,4,DUO_CARRY,BOT
263,35,5,3,14,4,SOLO,MID
264,35,6,201,3,4,DUO_SUPPORT,BOT
265,35,7,236,7,4,DUO_CARRY,BOT
266,35,8,105,4,14,SOLO,MID
267,35,9,2,4,11,NONE,JUNGLE
268,35,10,85,4,12,SOLO,TOP
269,36,1,412,4,3,DUO_SUPPORT,BOT
270,36,2,86,14,4,SOLO,TOP
271,36,3,51,4,7,DUO_CARRY,BOT
272,36,4,105,11,4,NONE,JUNGLE
273,36,5,1,4,14,SOLO,MID
274,36,6,19,4,11,NONE,JUNGLE
275,36,7,236,7,4,DUO_CARRY,BOT
276,36,8,41,4,12,SOLO,TOP
277,36,9,44,3,4,DUO_SUPPORT,BOT
278,36,10,38,12,4,SOLO,MID
279,37,1,25,3,4,DUO_SUPPORT,BOT
280,37,2,64,11,4,NONE,JUNGLE
281,37,3,157,4,12,SOLO,TOP
282,37,4,238,14,4,SOLO,MID
283,37,5,222,4,7,DUO_CARRY,BOT
284,37,6,121,4,11,NONE,JUNGLE
285,37,7,10,4,12,SOLO,TOP
286,37,8,31,4,12,SOLO,MID
287,37,9,81,4,7,DUO_CARRY,BOT
288,37,10,37,4,3,DUO_SUPPORT,BOT
289,38,1,61,4,14,SOLO,MID
290,38,2,498,4,7,DUO_CARRY,TOP
291,38,3,497,4,3,DUO_SUPPORT,TOP
292,38,4,40,1,6,NONE,JUNGLE
293,38,5,19,4,11,NONE,JUNGLE
294,38,6,11,11,4,NONE,JUNGLE
295,38,7,31,4,12,SOLO,TOP
296,38,8,63,3,4,DUO_SUPPORT,BOT
297,38,9,1,3,4,SOLO,MID
298,38,10,51,7,4,DUO_CARRY,BOT
299,39,1,498,4,7,DUO,BOT
300,39,2,99,4,21,SOLO,MID
301,39,3,111,4,3,DUO,BOT
302,39,4,23,11,4,NONE,JUNGLE
303,39,5,133,14,4,SOLO,TOP
304,39,6,114,4,12,SOLO,TOP
305,39,7,121,4,11,NONE,JUNGLE
306,39,8,22,4,7,DUO_CARRY,BOT
307,39,9,8,14,4,SOLO,MID
308,39,10,37,4,3,DUO_SUPPORT,BOT
309,40,1,114,4,12,SOLO,TOP
310,40,2,2,11,6,NONE,JUNGLE
311,40,3,99,14,4,SOLO,MID
312,40,4,51,7,4,DUO_CARRY,BOT
313,40,5,267,3,4,DUO_SUPPORT,BOT
314,40,6,39,4,14,SOLO,TOP
315,40,7,74,14,4,SOLO,MID
316,40,8,126,4,7,DUO_CARRY,BOT
317,40,9,412,3,4,DUO_SUPPORT,BOT
318,40,10,19,4,11,NONE,JUNGLE
319,41,1,104,4,11,NONE,JUNGLE
320,41,2,54,4,12,SOLO,TOP
321,41,3,3,4,3,DUO_SUPPORT,BOT
322,41,4,61,4,21,SOLO,MID
323,41,5,222,4,7,DUO_CARRY,BOT
324,41,6,103,14,4,SOLO,MID
325,41,7,236,4,7,DUO_CARRY,BOT
326,41,8,114,4,12,SOLO,TOP
327,41,9,60,11,4,NONE,JUNGLE
328,41,10,89,4,3,DUO_SUPPORT,BOT
329,42,1,5,4,11,NONE,JUNGLE
330,42,2,103,4,14,SOLO,MID
331,42,3,222,7,4,DUO_CARRY,BOT
332,42,4,92,12,4,SOLO,TOP
333,42,5,43,4,3,DUO_SUPPORT,BOT
334,42,6,15,7,4,DUO_CARRY,BOT
335,42,7,497,3,4,DUO_SUPPORT,BOT
336,42,8,157,12,4,SOLO,TOP
337,42,9,254,11,4,NONE,JUNGLE
338,42,10,99,4,21,SOLO,MID
339,43,1,81,7,4,DUO_CARRY,BOT
340,43,2,103,4,14,SOLO,MID
341,43,3,27,6,12,SOLO,TOP
342,43,4,37,4,3,DUO_SUPPORT,BOT
343,43,5,113,11,4,NONE,JUNGLE
344,43,6,21,7,4,DUO_CARRY,BOT
345,43,7,106,4,11,NONE,JUNGLE
346,43,8,86,4,12,SOLO,TOP
347,43,9,53,3,4,DUO_SUPPORT,BOT
348,43,10,38,12,4,SOLO,MID
349,44,1,85,4,12,SOLO,TOP
350,44,2,19,4,11,NONE,JUNGLE
351,44,3,131,14,4,SOLO,MID
352,44,4,78,4,3,DUO,BOT
353,44,5,498,7,4,DUO,BOT
354,44,6,122,12,4,SOLO,TOP
355,44,7,119,7,4,DUO_CARRY,MID
356,44,8,25,3,4,SOLO,BOT
357,44,9,113,4,11,NONE,JUNGLE
358,44,10,51,4,7,DUO_SUPPORT,MID
359,45,1,1,4,14,DUO_SUPPORT,BOT
360,45,2,22,4,7,DUO_CARRY,BOT
361,45,3,11,6,11,NONE,JUNGLE
362,45,4,75,12,4,SOLO,TOP
363,45,5,8,4,14,SOLO,MID
364,45,6,19,4,11,NONE,JUNGLE
365,45,7,236,4,7,DUO_CARRY,BOT
366,45,8,412,4,3,DUO_SUPPORT,BOT
367,45,9,105,14,12,SOLO,TOP
368,45,10,3,4,12,SOLO,MID
369,46,1,164,4,12,SOLO,TOP
370,46,2,103,4,14,SOLO,MID
371,46,3,21,4,7,DUO_CARRY,BOT
372,46,4,111,14,4,DUO_SUPPORT,BOT
373,46,5,19,4,11,NONE,JUNGLE
374,46,6,76,4,11,NONE,JUNGLE
375,46,7,89,4,3,DUO_SUPPORT,BOT
376,46,8,236,4,7,DUO_CARRY,BOT
377,46,9,39,14,4,SOLO,TOP
378,46,10,161,4,21,SOLO,MID
379,47,1,84,4,11,NONE,JUNGLE
380,47,2,245,4,12,SOLO,MID
381,47,3,62,4,14,SOLO,TOP
382,47,4,44,4,3,DUO_SUPPORT,BOT
383,47,5,236,7,4,DUO_CARRY,BOT
384,47,6,21,4,7,DUO_CARRY,BOT
385,47,7,16,4,3,DUO_SUPPORT,BOT
386,47,8,19,4,11,NONE,JUNGLE
387,47,9,90,4,14,SOLO,MID
388,47,10,23,4,12,SOLO,TOP
389,48,1,24,12,4,SOLO,TOP
390,48,2,498,4,7,DUO,BOT
391,48,3,412,3,4,DUO,BOT
392,48,4,19,4,11,NONE,JUNGLE
393,48,5,134,4,14,SOLO,MID
394,48,6,55,4,14,SOLO,MID
395,48,7,37,4,14,DUO_SUPPORT,BOT
396,48,8,119,4,7,DUO_CARRY,BOT
397,48,9,98,12,4,SOLO,TOP
398,48,10,111,11,4,NONE,JUNGLE
399,49,1,134,4,14,SOLO,MID
400,49,2,86,12,4,SOLO,TOP
401,49,3,22,7,4,NONE,JUNGLE
402,49,4,19,4,11,NONE,JUNGLE
403,49,5,12,4,3,NONE,JUNGLE
404,49,6,31,4,11,NONE,JUNGLE
405,49,7,61,4,21,SOLO,MID
406,49,8,114,4,12,SOLO,TOP
407,49,9,67,4,7,DUO,BOT
408,49,10,43,4,3,DUO,BOT
409,50,1,25,4,3,DUO_SUPPORT,BOT
410,50,2,19,4,11,NONE,JUNGLE
411,50,3,51,7,4,DUO_CARRY,BOT
412,50,4,420,12,4,SOLO,TOP
413,50,5,127,4,12,SOLO,MID
414,50,6,113,4,11,NONE,JUNGLE
415,50,7,134,4,14,SOLO,MID
416,50,8,222,7,4,DUO_CARRY,BOT
417,50,9,98,4,3,DUO_SUPPORT,BOT
418,50,10,58,4,12,NONE,JUNGLE
419,51,1,56,4,11,NONE,JUNGLE
420,51,2,67,4,7,DUO_CARRY,BOT
421,51,3,201,3,4,DUO_SUPPORT,BOT
422,51,4,157,4,14,SOLO,MID
423,51,5,55,4,14,SOLO,TOP
424,51,6,498,7,4,DUO_CARRY,BOT
425,51,7,99,4,3,SOLO,MID
426,51,8,107,4,11,NONE,JUNGLE
427,51,9,78,4,12,SOLO,TOP
428,51,10,25,4,3,DUO_SUPPORT,BOT
429,52,1,45,4,21,SOLO,MID
430,52,2,17,4,11,NONE,JUNGLE
431,52,3,136,3,4,DUO_SUPPORT,BOT
432,52,4,67,4,7,DUO_CARRY,BOT
433,52,5,114,12,4,SOLO,TOP
434,52,6,29,4,7,DUO_CARRY,BOT
435,52,7,43,4,21,NONE,JUNGLE
436,52,8,150,4,12,SOLO,TOP
437,52,9,19,4,11,NONE,JUNGLE
438,52,10,412,14,4,DUO_SUPPORT,BOT
439,53,1,25,4,3,DUO_SUPPORT,BOT
440,53,2,55,4,14,NONE,JUNGLE
441,53,3,31,12,4,SOLO,TOP
442,53,4,72,11,4,NONE,JUNGLE
443,53,5,51,7,4,DUO_CARRY,BOT
444,53,6,236,4,7,DUO_CARRY,BOT
445,53,7,122,4,14,SOLO,TOP
446,53,8,268,3,4,SOLO,MID
447,53,9,19,4,11,NONE,JUNGLE
448,53,10,117,4,3,DUO_SUPPORT,BOT
449,54,1,83,12,4,NONE,JUNGLE
450,54,2,17,4,14,SOLO,TOP
451,54,3,81,7,4,DUO_CARRY,BOT
452,54,4,64,4,11,NONE,JUNGLE
453,54,5,111,4,3,DUO_SUPPORT,BOT
454,54,6,53,4,14,DUO_SUPPORT,BOT
455,54,7,19,4,11,NONE,JUNGLE
456,54,8,2,12,6,SOLO,TOP
457,54,9,103,4,14,SOLO,MID
458,54,10,110,4,7,DUO_CARRY,BOT
459,55,1,245,4,14,SOLO,MID
460,55,2,19,4,11,NONE,JUNGLE
461,55,3,150,4,12,SOLO,TOP
462,55,4,67,4,7,DUO_CARRY,BOT
463,55,5,117,3,4,DUO_SUPPORT,BOT
464,55,6,53,4,3,DUO_SUPPORT,BOT
465,55,7,222,4,7,DUO_CARRY,BOT
466,55,8,75,12,4,SOLO,TOP
467,55,9,154,4,11,NONE,JUNGLE
468,55,10,14,14,4,SOLO,MID
469,56,1,38,4,12,DUO,MID
470,56,2,111,3,4,SOLO,BOT
471,56,3,122,4,12,SOLO,TOP
472,56,4,29,7,4,DUO,MID
473,56,5,19,4,11,NONE,JUNGLE
474,56,6,254,11,4,NONE,BOT
475,56,7,23,12,4,SOLO,TOP
476,56,8,45,4,21,SOLO,MID
477,56,9,412,3,4,NONE,BOT
478,56,10,498,7,4,NONE,BOT
479,57,1,25,4,12,SOLO,MID
480,57,2,14,4,12,SOLO,TOP
481,57,3,432,4,14,DUO_SUPPORT,BOT
482,57,4,19,4,11,NONE,JUNGLE
483,57,5,51,7,4,DUO_CARRY,BOT
484,57,6,22,4,7,DUO_CARRY,BOT
485,57,7,113,4,11,NONE,JUNGLE
486,57,8,238,4,14,SOLO,MID
487,57,9,31,12,4,SOLO,TOP
488,57,10,16,12,4,DUO_SUPPORT,BOT
489,58,1,79,4,12,SOLO,TOP
490,58,2,43,4,3,DUO_SUPPORT,BOT
491,58,3,85,4,14,SOLO,MID
492,58,4,51,4,7,DUO_CARRY,BOT
493,58,5,24,4,11,NONE,JUNGLE
494,58,6,19,4,11,NONE,JUNGLE
495,58,7,236,4,7,DUO_CARRY,BOT
496,58,8,111,3,4,DUO_SUPPORT,BOT
497,58,9,103,4,14,SOLO,MID
498,58,10,31,12,4,SOLO,TOP
499,59,1,127,12,4,SOLO,TOP
500,59,2,63,4,3,DUO_SUPPORT,BOT
501,59,3,21,4,7,DUO_CARRY,BOT
502,59,4,25,4,14,SOLO,MID
503,59,5,19,4,11,NONE,JUNGLE
504,59,6,412,3,4,DUO_SUPPORT,BOT
505,59,7,119,4,7,DUO_CARRY,BOT
506,59,8,64,4,11,NONE,JUNGLE
507,59,9,164,4,12,SOLO,TOP
508,59,10,38,12,4,SOLO,MID
509,60,1,105,4,12,SOLO,TOP
510,60,2,81,4,7,DUO_CARRY,BOT
511,60,3,89,4,3,DUO_SUPPORT,BOT
512,60,4,120,6,11,NONE,JUNGLE
513,60,5,61,4,14,SOLO,MID
514,60,6,112,14,4,SOLO,MID
515,60,7,29,4,7,DUO_CARRY,BOT
516,60,8,117,4,3,DUO_SUPPORT,BOT
517,60,9,83,12,4,SOLO,TOP
518,60,10,19,4,11,NONE,JUNGLE
519,61,1,77,4,12,SOLO,TOP
520,61,2,32,11,4,NONE,JUNGLE
521,61,3,21,7,4,DUO_CARRY,BOT
522,61,4,99,14,4,SOLO,MID
523,61,5,16,3,4,DUO_SUPPORT,BOT
524,61,6,4,1,4,SOLO,MID
525,61,7,126,4,12,SOLO,TOP
526,61,8,26,3,4,DUO,BOT
527,61,9,8,4,14,DUO,BOT
528,61,10,64,4,11,NONE,JUNGLE
529,62,1,89,4,3,DUO_SUPPORT,BOT
530,62,2,21,7,4,DUO_CARRY,BOT
531,62,3,77,4,12,SOLO,TOP
532,62,4,11,6,11,NONE,JUNGLE
533,62,5,157,4,14,SOLO,MID
534,62,6,238,14,4,SOLO,MID
535,62,7,5,4,11,NONE,JUNGLE
536,62,8,83,4,12,SOLO,TOP
537,62,9,236,7,4,DUO_CARRY,BOT
538,62,10,201,4,3,DUO_SUPPORT,BOT
539,63,1,119,4,7,DUO_CARRY,BOT
540,63,2,99,3,4,DUO_SUPPORT,BOT
541,63,3,154,4,11,NONE,JUNGLE
542,63,4,115,4,21,SOLO,MID
543,63,5,77,4,14,SOLO,TOP
544,63,6,38,4,14,SOLO,MID
545,63,7,5,4,11,NONE,JUNGLE
546,63,8,23,4,12,SOLO,TOP
547,63,9,18,4,7,DUO_CARRY,BOT
548,63,10,117,3,4,DUO_SUPPORT,BOT
549,64,1,19,4,11,NONE,JUNGLE
550,64,2,119,4,7,DUO_CARRY,BOT
551,64,3,10,4,12,SOLO,TOP
552,64,4,163,4,14,SOLO,MID
553,64,5,25,4,3,DUO_SUPPORT,BOT
554,64,6,412,3,4,DUO_SUPPORT,BOT
555,64,7,113,4,11,NONE,JUNGLE
556,64,8,61,4,21,SOLO,MID
557,64,9,67,4,7,DUO_CARRY,BOT
558,64,10,58,4,12,SOLO,TOP
559,65,1,64,4,11,NONE,JUNGLE
560,65,2,236,4,7,DUO_CARRY,BOT
561,65,3,84,4,14,SOLO,TOP
562,65,4,12,4,3,DUO_SUPPORT,BOT
563,65,5,61,1,4,SOLO,MID
564,65,6,86,12,4,SOLO,TOP
565,65,7,99,3,4,SOLO,MID
566,65,8,412,3,4,DUO_SUPPORT,BOT
567,65,9,19,4,11,NONE,JUNGLE
568,65,10,67,4,7,DUO_CARRY,BOT
569,66,1,23,12,4,SOLO,TOP
570,66,2,69,4,1,SOLO,MID
571,66,3,24,4,11,NONE,JUNGLE
572,66,4,498,7,4,DUO_CARRY,BOT
573,66,5,412,14,4,DUO_SUPPORT,BOT
574,66,6,63,4,3,DUO_SUPPORT,BOT
575,66,7,107,11,4,NONE,JUNGLE
576,66,8,5,4,12,SOLO,TOP
577,66,9,22,7,4,DUO_CARRY,BOT
578,66,10,99,4,21,SOLO,MID
579,67,1,24,12,4,SOLO,TOP
580,67,2,89,4,3,DUO_SUPPORT,BOT
581,67,3,51,7,4,DUO_CARRY,BOT
582,67,4,28,4,11,NONE,JUNGLE
583,67,5,1,4,14,SOLO,MID
584,67,6,222,4,7,DUO_CARRY,BOT
585,67,7,497,4,3,DUO_SUPPORT,BOT
586,67,8,19,4,11,NONE,JUNGLE
587,67,9,54,12,4,SOLO,TOP
588,67,10,69,3,4,SOLO,MID
589,68,1,68,12,4,SOLO,TOP
590,68,2,497,14,4,DUO_SUPPORT,BOT
591,68,3,19,4,11,NONE,JUNGLE
592,68,4,69,14,4,SOLO,MID
593,68,5,498,4,7,DUO_CARRY,BOT
594,68,6,81,4,7,DUO_CARRY,BOT
595,68,7,432,12,4,SOLO,TOP
596,68,8,32,4,11,NONE,JUNGLE
597,68,9,34,4,14,SOLO,MID
598,68,10,117,4,3,DUO_SUPPORT,BOT
599,69,1,40,4,3,DUO_SUPPORT,BOT
600,69,2,51,4,7,DUO_CARRY,BOT
601,69,3,245,14,4,SOLO,MID
602,69,4,254,11,4,NONE,JUNGLE
603,69,5,98,12,4,SOLO,TOP
604,69,6,43,4,3,DUO_SUPPORT,BOT
605,69,7,67,4,7,DUO_CARRY,BOT
606,69,8,105,14,4,SOLO,MID
607,69,9,157,12,4,SOLO,TOP
608,69,10,121,4,7,NONE,JUNGLE
609,70,1,96,4,7,DUO_CARRY,BOT
610,70,2,238,14,4,SOLO,MID
611,70,3,32,4,11,NONE,JUNGLE
612,70,4,117,3,4,DUO_SUPPORT,BOT
613,70,5,86,12,4,SOLO,TOP
614,70,6,99,4,21,SOLO,MID
615,70,7,89,4,3,DUO,BOT
616,70,8,19,4,11,NONE,JUNGLE
617,70,9,92,4,12,SOLO,TOP
618,70,10,429,4,7,DUO,BOT
619,71,1,163,4,21,SOLO,MID
620,71,2,67,4,7,DUO_CARRY,BOT
621,71,3,240,4,12,SOLO,TOP
622,71,4,106,4,11,NONE,JUNGLE
623,71,5,161,4,3,DUO_SUPPORT,BOT
624,71,6,99,4,21,SOLO,MID
625,71,7,56,4,11,NONE,JUNGLE
626,71,8,3,3,4,DUO_SUPPORT,BOT
627,71,9,429,4,7,DUO_CARRY,BOT
628,71,10,83,12,4,SOLO,TOP
629,72,1,3,4,11,NONE,JUNGLE
630,72,2,63,4,3,SOLO,MID
631,72,3,412,4,14,DUO_SUPPORT,BOT
632,72,4,81,4,7,DUO_CARRY,BOT
633,72,5,58,12,4,SOLO,TOP
634,72,6,51,4,7,DUO_CARRY,BOT
635,72,7,497,4,3,DUO_SUPPORT,BOT
636,72,8,85,4,12,SOLO,TOP
637,72,9,11,4,11,NONE,JUNGLE
638,72,10,238,14,4,SOLO,MID
639,73,1,5,4,11,NONE,JUNGLE
640,73,2,58,4,12,SOLO,TOP
641,73,3,238,4,14,SOLO,MID
642,73,4,236,4,7,DUO_CARRY,BOT
643,73,5,25,4,3,DUO_SUPPORT,BOT
644,73,6,61,4,3,SOLO,MID
645,73,7,67,7,4,DUO_CARRY,BOT
646,73,8,121,4,11,NONE,JUNGLE
647,73,9,92,4,12,SOLO,TOP
648,73,10,497,3,4,DUO_SUPPORT,BOT
649,74,1,10,4,14,SOLO,MID
650,74,2,96,4,11,NONE,JUNGLE
651,74,3,35,12,14,SOLO,TOP
652,74,4,412,14,4,DUO_SUPPORT,BOT
653,74,5,110,4,7,DUO_CARRY,BOT
654,74,6,498,4,7,DUO_CARRY,BOT
655,74,7,497,4,7,DUO_SUPPORT,BOT
656,74,8,84,12,4,SOLO,TOP
657,74,9,101,4,12,SOLO,MID
658,74,10,64,11,4,NONE,JUNGLE
659,75,1,13,4,3,SOLO,MID
660,75,2,56,4,11,NONE,JUNGLE
661,75,3,201,4,3,DUO_SUPPORT,BOT
662,75,4,157,4,12,SOLO,TOP
663,75,5,498,4,7,DUO_CARRY,BOT
664,75,6,104,11,4,NONE,JUNGLE
665,75,7,54,12,4,SOLO,TOP
666,75,8,238,4,14,SOLO,MID
667,75,9,89,4,3,DUO_SUPPORT,BOT
668,75,10,236,4,7,DUO_CARRY,BOT
669,76,1,115,21,4,SOLO,MID
670,76,2,22,4,7,DUO_CARRY,BOT
671,76,3,497,4,3,DUO_SUPPORT,BOT
672,76,4,78,4,11,NONE,JUNGLE
673,76,5,58,4,14,SOLO,TOP
674,76,6,48,12,4,SOLO,TOP
675,76,7,127,4,12,DUO_CARRY,MID
676,76,8,143,4,3,DUO_SUPPORT,BOT
677,76,9,236,7,4,DUO_CARRY,BOT
678,76,10,64,4,11,DUO_SUPPORT,MID
679,77,1,103,4,14,SOLO,MID
680,77,2,96,4,7,DUO_CARRY,BOT
681,77,3,104,4,11,NONE,JUNGLE
682,77,4,7,12,4,SOLO,TOP
683,77,5,117,4,3,DUO_SUPPORT,BOT
684,77,6,161,4,14,SOLO,MID
685,77,7,236,4,7,DUO_CARRY,BOT
686,77,8,143,4,3,DUO_SUPPORT,BOT
687,77,9,150,12,4,SOLO,TOP
688,77,10,64,4,11,NONE,JUNGLE
689,78,1,67,4,7,DUO_CARRY,BOT
690,78,2,28,11,14,NONE,JUNGLE
691,78,3,99,4,21,SOLO,MID
692,78,4,48,4,12,SOLO,TOP
693,78,5,53,3,4,DUO_SUPPORT,BOT
694,78,6,412,4,3,DUO_SUPPORT,BOT
695,78,7,98,4,12,SOLO,TOP
696,78,8,7,4,14,SOLO,MID
697,78,9,236,7,4,DUO_CARRY,BOT
698,78,10,104,4,11,NONE,JUNGLE
699,79,1,122,6,12,SOLO,TOP
700,79,2,9,11,4,NONE,JUNGLE
701,79,3,51,4,7,DUO_CARRY,BOT
702,79,4,134,4,21,SOLO,MID
703,79,5,43,4,14,DUO_SUPPORT,BOT
704,79,6,21,3,4,DUO_SUPPORT,BOT
705,79,7,103,4,14,SOLO,MID
706,79,8,11,4,11,NONE,JUNGLE
707,79,9,498,7,4,DUO_CARRY,BOT
708,79,10,31,4,12,SOLO,TOP
709,80,1,420,12,4,SOLO,TOP
710,80,2,43,4,14,SOLO,MID
711,80,3,236,4,7,DUO_CARRY,BOT
712,80,4,143,4,14,DUO_SUPPORT,BOT
713,80,5,11,4,11,NONE,JUNGLE
714,80,6,222,4,7,DUO_CARRY,BOT
715,80,7,3,4,12,SOLO,TOP
716,80,8,91,4,14,SOLO,MID
717,80,9,106,11,4,NONE,JUNGLE
718,80,10,497,4,3,DUO_SUPPORT,BOT
719,81,1,497,3,4,DUO_SUPPORT,BOT
720,81,2,114,4,12,SOLO,TOP
721,81,3,112,4,14,SOLO,MID
722,81,4,104,4,11,NONE,JUNGLE
723,81,5,51,4,7,DUO_CARRY,BOT
724,81,6,24,11,6,NONE,JUNGLE
725,81,7,157,4,12,SOLO,TOP
726,81,8,43,14,4,DUO_SUPPORT,BOT
727,81,9,202,4,7,DUO_CARRY,BOT
728,81,10,8,14,4,SOLO,MID
729,82,1,427,11,4,NONE,JUNGLE
730,82,2,103,4,14,SOLO,MID
731,82,3,67,4,7,DUO_CARRY,BOT
732,82,4,99,4,3,DUO_SUPPORT,BOT
733,82,5,19,4,12,SOLO,TOP
734,82,6,61,4,21,SOLO,MID
735,82,7,86,12,4,SOLO,TOP
736,82,8,497,4,3,DUO_SUPPORT,BOT
737,82,9,498,7,4,DUO_CARRY,BOT
738,82,10,64,4,11,NONE,JUNGLE
739,83,1,412,4,3,DUO,BOT
740,83,2,222,4,7,DUO,BOT
741,83,3,11,4,11,NONE,JUNGLE
742,83,4,105,12,14,SOLO,TOP
743,83,5,29,4,7,SOLO,MID
744,83,6,24,4,14,SOLO,TOP
745,83,7,5,4,11,NONE,JUNGLE
746,83,8,38,4,12,SOLO,MID
747,83,9,81,7,4,DUO_CARRY,BOT
748,83,10,16,4,3,DUO_SUPPORT,BOT
749,84,1,43,3,4,DUO_SUPPORT,BOT
750,84,2,134,6,4,SOLO,MID
751,84,3,119,7,4,DUO_CARRY,BOT
752,84,4,24,12,4,SOLO,TOP
753,84,5,35,14,11,NONE,JUNGLE
754,84,6,53,4,3,DUO,BOT
755,84,7,91,4,14,SOLO,MID
756,84,8,107,4,11,NONE,JUNGLE
757,84,9,105,14,4,SOLO,TOP
758,84,10,18,7,4,DUO,BOT
759,85,1,21,7,4,DUO_CARRY,BOT
760,85,2,91,4,14,SOLO,MID
761,85,3,64,11,4,NONE,JUNGLE
762,85,4,89,4,3,DUO_SUPPORT,BOT
763,85,5,23,14,6,SOLO,TOP
764,85,6,157,12,4,SOLO,MID
765,85,7,68,12,4,SOLO,TOP
766,85,8,59,11,4,NONE,JUNGLE
767,85,9,3,4,7,DUO,BOT
768,85,10,119,4,14,DUO,BOT
769,86,1,91,4,14,NONE,JUNGLE
770,86,2,81,4,7,DUO_CARRY,BOT
771,86,3,11,4,11,NONE,JUNGLE
772,86,4,17,4,12,NONE,JUNGLE
773,86,5,25,3,4,DUO_SUPPORT,BOT
774,86,6,19,4,11,NONE,JUNGLE
775,86,7,498,4,7,DUO_CARRY,BOT
776,86,8,240,12,4,NONE,JUNGLE
777,86,9,89,4,3,DUO_SUPPORT,BOT
778,86,10,238,4,14,SOLO,TOP
779,87,1,254,11,4,NONE,JUNGLE
780,87,2,23,4,12,SOLO,TOP
781,87,3,103,14,4,SOLO,MID
782,87,4,51,7,4,DUO_CARRY,BOT
783,87,5,14,14,4,DUO_SUPPORT,BOT
784,87,6,67,7,4,DUO_CARRY,BOT
785,87,7,99,4,21,SOLO,MID
786,87,8,85,4,3,DUO_SUPPORT,BOT
787,87,9,41,4,3,SOLO,TOP
788,87,10,102,4,11,NONE,JUNGLE
789,88,1,203,4,14,DUO_SUPPORT,BOT
790,88,2,23,4,12,SOLO,TOP
791,88,3,236,4,7,DUO_CARRY,BOT
792,88,4,80,4,11,NONE,JUNGLE
793,88,5,245,4,14,SOLO,MID
794,88,6,53,3,4,DUO_SUPPORT,BOT
795,88,7,81,4,7,DUO_CARRY,BOT
796,88,8,91,4,12,NONE,JUNGLE
797,88,9,67,4,11,NONE,JUNGLE
798,88,10,78,12,4,SOLO,TOP
799,89,1,122,4,12,SOLO,TOP
800,89,2,4,21,4,SOLO,MID
801,89,3,3,4,14,DUO_SUPPORT,BOT
802,89,4,51,7,4,DUO_CARRY,BOT
803,89,5,121,11,4,NONE,JUNGLE
804,89,6,56,4,11,NONE,JUNGLE
805,89,7,412,3,4,DUO_SUPPORT,BOT
806,89,8,236,4,7,DUO_CARRY,BOT
807,89,9,17,12,4,SOLO,TOP
808,89,10,99,4,21,SOLO,MID
809,90,1,67,7,4,DUO_CARRY,BOT
810,90,2,20,4,11,NONE,JUNGLE
811,90,3,13,4,12,SOLO,TOP
812,90,4,91,4,14,SOLO,MID
813,90,5,412,4,3,DUO_SUPPORT,BOT
814,90,6,69,3,4,DUO_SUPPORT,BOT
815,90,7,114,12,4,SOLO,TOP
816,90,8,154,4,11,NONE,JUNGLE
817,90,9,236,7,4,DUO_CARRY,BOT
818,90,10,268,3,4,SOLO,MID
819,91,1,23,6,4,SOLO,TOP
820,91,2,51,4,7,DUO_CARRY,BOT
821,91,3,63,3,4,DUO_SUPPORT,BOT
822,91,4,61,7,4,SOLO,MID
823,91,5,121,4,11,NONE,JUNGLE
824,91,6,101,4,6,SOLO,MID
825,91,7,96,4,7,DUO_CARRY,BOT
826,91,8,19,4,11,NONE,JUNGLE
827,91,9,117,3,4,DUO_SUPPORT,BOT
828,91,10,85,12,4,SOLO,TOP
829,92,1,99,4,21,SOLO,MID
830,92,2,107,11,4,NONE,JUNGLE
831,92,3,51,4,7,DUO_CARRY,BOT
832,92,4,266,4,12,SOLO,TOP
833,92,5,143,4,14,DUO_SUPPORT,BOT
834,92,6,53,3,4,DUO_SUPPORT,BOT
835,92,7,79,14,4,SOLO,MID
836,92,8,236,4,7,DUO_CARRY,BOT
837,92,9,92,12,4,SOLO,TOP
838,92,10,64,4,11,NONE,JUNGLE
839,93,1,91,4,14,SOLO,MID
840,93,2,23,12,4,SOLO,TOP
841,93,3,53,4,3,DUO_SUPPORT,BOT
842,93,4,67,7,4,DUO_CARRY,BOT
843,93,5,111,11,4,NONE,JUNGLE
844,93,6,18,4,7,DUO_CARRY,BOT
845,93,7,48,12,4,SOLO,TOP
846,93,8,62,11,4,NONE,JUNGLE
847,93,9,201,3,4,DUO_SUPPORT,BOT
848,93,10,4,3,4,SOLO,MID
849,94,1,157,12,4,SOLO,TOP
850,94,2,91,4,14,SOLO,MID
851,94,3,5,11,4,NONE,JUNGLE
852,94,4,81,7,4,DUO_CARRY,BOT
853,94,5,89,4,3,DUO_SUPPORT,BOT
854,94,6,14,3,4,DUO_SUPPORT,BOT
855,94,7,245,12,4,SOLO,MID
856,94,8,498,7,4,DUO_CARRY,BOT
857,94,9,104,4,11,NONE,JUNGLE
858,94,10,24,12,4,SOLO,TOP
859,95,1,78,4,12,SOLO,TOP
860,95,2,161,4,21,SOLO,MID
861,95,3,202,4,7,DUO_CARRY,BOT
862,95,4,99,14,4,DUO_SUPPORT,BOT
863,95,5,64,4,11,NONE,JUNGLE
864,95,6,236,7,4,DUO_CARRY,BOT
865,95,7,91,4,14,SOLO,MID
866,95,8,3,4,3,DUO_SUPPORT,BOT
867,95,9,28,4,11,NONE,JUNGLE
868,95,10,98,4,12,SOLO,TOP
869,96,1,79,4,12,SOLO,TOP
870,96,2,113,11,4,NONE,JUNGLE
871,96,3,61,1,4,SOLO,MID
872,96,4,497,4,14,DUO_SUPPORT,BOT
873,96,5,67,4,7,DUO_CARRY,BOT
874,96,6,64,4,11,NONE,JUNGLE
875,96,7,89,3,4,DUO_SUPPORT,BOT
876,96,8,51,4,7,DUO_CARRY,BOT
877,96,9,420,4,12,SOLO,TOP
878,96,10,99,4,21,SOLO,MID
879,97,1,53,4,14,DUO_SUPPORT,BOT
880,97,2,51,4,7,DUO_CARRY,BOT
881,97,3,64,4,11,NONE,JUNGLE
882,97,4,58,14,4,SOLO,TOP
883,97,5,99,4,21,SOLO,MID
884,97,6,498,4,7,DUO_CARRY,BOT
885,97,7,29,11,4,NONE,JUNGLE
886,97,8,412,3,4,DUO_SUPPORT,BOT
887,97,9,157,14,4,SOLO,MID
888,97,10,80,4,14,SOLO,TOP
889,98,1,497,3,4,DUO_SUPPORT,BOT
890,98,2,22,4,7,DUO_CARRY,BOT
891,98,3,57,12,4,SOLO,TOP
892,98,4,64,4,11,NONE,JUNGLE
893,98,5,157,4,14,NONE,JUNGLE
894,98,6,99,4,21,SOLO,MID
895,98,7,5,11,4,NONE,JUNGLE
896,98,8,17,4,14,SOLO,TOP
897,98,9,44,4,3,DUO_SUPPORT,BOT
898,98,10,236,4,7,DUO_CARRY,BOT
899,99,1,58,12,4,SOLO,TOP
900,99,2,7,4,14,SOLO,MID
901,99,3,104,4,7,DUO_CARRY,BOT
902,99,4,412,3,4,DUO_SUPPORT,BOT
903,99,5,421,4,11,NONE,JUNGLE
904,99,6,32,4,11,NONE,JUNGLE
905,99,7,67,7,4,DUO_CARRY,BOT
906,99,8,497,3,4,DUO_SUPPORT,BOT
907,99,9,157,14,4,SOLO,MID
908,99,10,98,4,12,SOLO,TOP
909,100,1,23,6,14,SOLO,TOP
910,100,2,99,4,21,SOLO,MID
911,100,3,412,4,3,DUO_SUPPORT,BOT
912,100,4,72,6,11,NONE,JUNGLE
913,100,5,498,7,4,DUO_CARRY,BOT
914,100,6,38,14,4,SOLO,MID
915,100,7,64,11,4,NONE,JUNGLE
916,100,8,18,4,7,DUO_CARRY,BOT
917,100,9,25,4,3,DUO_SUPPORT,BOT
918,100,10,39,4,14,SOLO,TOP
919,101,1,60,11,4,NONE,JUNGLE
920,101,2,81,4,7,DUO_CARRY,BOT
921,101,3,412,4,3,DUO_SUPPORT,BOT
922,101,4,3,4,12,SOLO,TOP
923,101,5,99,4,21,SOLO,MID
924,101,6,268,4,21,SOLO,MID
925,101,7,89,4,3,DUO_SUPPORT,BOT
926,101,8,80,14,4,SOLO,TOP
927,101,9,51,7,4,DUO_CARRY,BOT
928,101,10,32,11,4,NONE,JUNGLE
929,102,1,105,12,14,SOLO,TOP
930,102,2,2,6,11,NONE,JUNGLE
931,102,3,245,4,14,SOLO,MID
932,102,4,119,7,4,DUO_CARRY,BOT
933,102,5,53,3,4,DUO_SUPPORT,BOT
934,102,6,120,6,11,NONE,JUNGLE
935,102,7,99,4,21,SOLO,MID
936,102,8,67,7,4,DUO_CARRY,BOT
937,102,9,14,12,4,SOLO,TOP
938,102,10,37,4,3,DUO_SUPPORT,BOT
939,103,1,28,4,11,NONE,JUNGLE
940,103,2,498,4,7,DUO_CARRY,BOT
941,103,3,17,14,4,SOLO,TOP
942,103,4,63,4,14,SOLO,MID
943,103,5,53,14,4,DUO_SUPPORT,BOT
944,103,6,412,3,4,DUO_SUPPORT,BOT
945,103,7,41,12,4,SOLO,TOP
946,103,8,99,4,21,SOLO,MID
947,103,9,51,7,4,DUO_CARRY,BOT
948,103,10,64,11,4,NONE,JUNGLE
949,104,1,432,3,4,DUO_SUPPORT,BOT
950,104,2,236,7,4,DUO_CARRY,BOT
951,104,3,103,21,4,SOLO,MID
952,104,4,5,11,4,NONE,JUNGLE
953,104,5,75,6,12,SOLO,TOP
954,104,6,111,12,4,SOLO,TOP
955,104,7,67,4,7,DUO_CARRY,BOT
956,104,8,497,3,4,DUO_SUPPORT,BOT
957,104,9,19,4,11,NONE,JUNGLE
958,104,10,245,14,4,SOLO,MID
959,105,1,498,7,4,DUO_CARRY,BOT
960,105,2,2,4,12,SOLO,TOP
961,105,3,99,4,21,SOLO,MID
962,105,4,113,4,11,NONE,JUNGLE
963,105,5,25,3,4,DUO_SUPPORT,BOT
964,105,6,103,14,4,SOLO,MID
965,105,7,420,4,12,SOLO,TOP
966,105,8,8,12,4,DUO,BOT
967,105,9,79,4,11,NONE,JUNGLE
968,105,10,236,7,4,DUO,BOT
969,106,1,117,3,4,DUO_SUPPORT,BOT
970,106,2,103,14,4,SOLO,MID
971,106,3,50,12,4,SOLO,TOP
972,106,4,29,7,4,DUO_CARRY,BOT
973,106,5,32,4,11,NONE,JUNGLE
974,106,6,497,4,3,DUO_SUPPORT,BOT
975,106,7,67,4,7,DUO_CARRY,BOT
976,106,8,35,11,14,NONE,JUNGLE
977,106,9,80,4,14,SOLO,TOP
978,106,10,45,21,4,SOLO,MID
979,107,1,81,7,4,DUO_CARRY,BOT
980,107,2,19,11,4,NONE,JUNGLE
981,107,3,91,14,4,SOLO,TOP
982,107,4,99,7,4,SOLO,MID
983,107,5,89,4,3,DUO_SUPPORT,BOT
984,107,6,35,3,4,DUO_SUPPORT,BOT
985,107,7,86,4,12,SOLO,TOP
986,107,8,105,4,11,NONE,JUNGLE
987,107,9,115,4,14,SOLO,MID
988,107,10,51,7,4,DUO_CARRY,BOT
989,108,1,245,4,14,SOLO,MID
990,108,2,121,4,11,NONE,JUNGLE
991,108,3,117,3,4,DUO_SUPPORT,BOT
992,108,4,111,12,4,SOLO,TOP
993,108,5,21,4,7,DUO_CARRY,BOT
994,108,6,55,3,4,SOLO,MID
995,108,7,131,4,11,NONE,JUNGLE
996,108,8,122,12,4,SOLO,TOP
997,108,9,202,7,4,DUO_CARRY,BOT
998,108,10,143,4,3,DUO_SUPPORT,BOT
999,109,1,67,4,7,DUO_CARRY,BOT
1000,109,2,43,14,4,SOLO,MID
1001,109,3,497,4,3,DUO_SUPPORT,BOT
1002,109,4,27,14,6,SOLO,TOP
1003,109,5,62,4,11,NONE,JUNGLE
1004,109,6,121,4,11,NONE,JUNGLE
1005,109,7,51,7,4,DUO_CARRY,BOT
1006,109,8,99,3,4,DUO_SUPPORT,BOT
1007,109,9,58,14,4,SOLO,MID
1008,109,10,54,4,12,SOLO,TOP
1009,110,1,51,7,4,DUO_CARRY,BOT
1010,110,2,68,12,4,SOLO,TOP
1011,110,3,19,11,4,NONE,JUNGLE
1012,110,4,53,3,4,DUO_SUPPORT,BOT
1013,110,5,74,4,14,SOLO,MID
1014,110,6,498,4,7,DUO_CARRY,BOT
1015,110,7,497,3,4,DUO_SUPPORT,BOT
1016,110,8,8,14,6,SOLO,MID
1017,110,9,31,4,12,SOLO,TOP
1018,110,10,5,4,11,NONE,JUNGLE
1019,111,1,21,7,4,DUO_CARRY,BOT
1020,111,2,111,3,4,DUO_SUPPORT,BOT
1021,111,3,56,4,11,NONE,JUNGLE
1022,111,4,105,14,4,SOLO,MID
1023,111,5,24,4,12,SOLO,TOP
1024,111,6,245,4,14,SOLO,MID
1025,111,7,201,4,3,DUO_SUPPORT,BOT
1026,111,8,222,4,7,DUO_CARRY,BOT
1027,111,9,58,4,12,SOLO,TOP
1028,111,10,32,11,3,NONE,JUNGLE
1029,112,1,105,21,4,SOLO,MID
1030,112,2,102,4,11,NONE,JUNGLE
1031,112,3,92,4,12,SOLO,TOP
1032,112,4,498,4,7,DUO_CARRY,BOT
1033,112,5,25,3,4,DUO_SUPPORT,BOT
1034,112,6,17,4,14,SOLO,TOP
1035,112,7,236,7,4,DUO_CARRY,BOT
1036,112,8,16,4,3,DUO_SUPPORT,BOT
1037,112,9,45,4,21,SOLO,MID
1038,112,10,5,4,11,NONE,JUNGLE
1039,113,1,15,4,7,DUO_CARRY,BOT
1040,113,2,16,3,4,DUO_SUPPORT,BOT
1041,113,3,64,11,4,NONE,JUNGLE
1042,113,4,8,6,4,SOLO,TOP
1043,113,5,498,4,7,SOLO,MID
1044,113,6,203,4,11,NONE,JUNGLE
1045,113,7,43,4,12,SOLO,MID
1046,113,8,36,12,4,SOLO,TOP
1047,113,9,497,3,4,DUO_SUPPORT,BOT
1048,113,10,51,7,4,DUO_CARRY,BOT
1049,114,1,236,7,4,DUO_CARRY,BOT
1050,114,2,40,14,4,DUO_SUPPORT,BOT
1051,114,3,35,14,11,NONE,JUNGLE
1052,114,4,122,4,12,SOLO,TOP
1053,114,5,38,4,14,SOLO,MID
1054,114,6,64,4,11,NONE,JUNGLE
1055,114,7,157,4,12,SOLO,TOP
1056,114,8,61,14,4,SOLO,MID
1057,114,9,498,4,7,DUO_CARRY,BOT
1058,114,10,412,4,3,DUO_SUPPORT,BOT
1059,115,1,25,3,4,DUO_SUPPORT,BOT
1060,115,2,103,1,4,SOLO,MID
1061,115,3,77,6,12,SOLO,TOP
1062,115,4,5,4,11,NONE,JUNGLE
1063,115,5,236,7,4,DUO_CARRY,BOT
1064,115,6,53,4,3,DUO,BOT
1065,115,7,157,12,4,SOLO,TOP
1066,115,8,498,4,7,DUO,BOT
1067,115,9,134,4,14,SOLO,MID
1068,115,10,79,4,11,NONE,JUNGLE
1069,116,1,16,4,3,DUO_SUPPORT,BOT
1070,116,2,103,4,14,SOLO,MID
1071,116,3,54,4,12,SOLO,TOP
1072,116,4,154,11,4,NONE,JUNGLE
1073,116,5,51,4,7,DUO_CARRY,BOT
1074,116,6,498,7,4,DUO_CARRY,BOT
1075,116,7,497,4,11,NONE,JUNGLE
1076,116,8,267,3,4,DUO_SUPPORT,BOT
1077,116,9,86,12,4,SOLO,TOP
1078,116,10,105,14,4,SOLO,MID
1079,117,1,10,4,11,NONE,JUNGLE
1080,117,2,26,4,14,SOLO,MID
1081,117,3,17,12,4,SOLO,TOP
1082,117,4,21,7,4,DUO,BOT
1083,117,5,25,14,4,DUO,BOT
1084,117,6,412,4,14,DUO_SUPPORT,BOT
1085,117,7,99,4,21,SOLO,MID
1086,117,8,51,7,4,DUO_CARRY,BOT
1087,117,9,86,12,4,SOLO,TOP
1088,117,10,35,11,14,NONE,JUNGLE
1089,118,1,89,4,3,DUO_SUPPORT,BOT
1090,118,2,254,4,11,NONE,JUNGLE
1091,118,3,15,4,7,DUO_CARRY,BOT
1092,118,4,238,4,14,SOLO,MID
1093,118,5,75,4,12,SOLO,TOP
1094,118,6,41,4,3,SOLO,TOP
1095,118,7,22,4,7,DUO_CARRY,BOT
1096,118,8,105,14,4,SOLO,MID
1097,118,9,412,4,3,DUO_SUPPORT,BOT
1098,118,10,121,11,4,NONE,JUNGLE
1099,119,1,61,4,14,SOLO,MID
1100,119,2,43,3,4,DUO_SUPPORT,BOT
1101,119,3,51,7,4,DUO_CARRY,BOT
1102,119,4,102,11,4,NONE,JUNGLE
1103,119,5,122,4,12,SOLO,TOP
1104,119,6,23,12,4,SOLO,TOP
1105,119,7,28,11,4,NONE,JUNGLE
1106,119,8,497,4,14,DUO_SUPPORT,BOT
1107,119,9,498,4,7,DUO_CARRY,BOT
1108,119,10,103,4,21,SOLO,MID
1109,120,1,98,12,4,SOLO,TOP
1110,120,2,55,4,14,SOLO,MID
1111,120,3,19,11,4,NONE,JUNGLE
1112,120,4,497,3,4,DUO_SUPPORT,BOT
1113,120,5,67,7,4,DUO_CARRY,BOT
1114,120,6,64,4,11,NONE,JUNGLE
1115,120,7,99,4,21,SOLO,MID
1116,120,8,412,4,3,DUO_SUPPORT,BOT
1117,120,9,22,7,4,DUO_CARRY,BOT
1118,120,10,24,4,12,SOLO,TOP
1119,121,1,84,4,12,SOLO,TOP
1120,121,2,23,6,11,NONE,JUNGLE
1121,121,3,157,4,14,SOLO,MID
1122,121,4,51,4,7,DUO_CARRY,BOT
1123,121,5,497,4,3,DUO_SUPPORT,BOT
1124,121,6,119,4,7,DUO_CARRY,BOT
1125,121,7,201,3,4,DUO_SUPPORT,BOT
1126,121,8,115,21,4,SOLO,MID
1127,121,9,64,11,4,NONE,JUNGLE
1128,121,10,420,4,12,SOLO,TOP
1129,122,1,99,4,14,SOLO,MID
1130,122,2,1,4,3,DUO_SUPPORT,BOT
1131,122,3,81,4,7,DUO_CARRY,BOT
1132,122,4,27,12,6,SOLO,TOP
1133,122,5,62,4,11,NONE,JUNGLE
1134,122,6,89,4,3,DUO_SUPPORT,BOT
1135,122,7,222,4,7,DUO_CARRY,BOT
1136,122,8,122,4,12,SOLO,TOP
1137,122,9,427,11,4,NONE,JUNGLE
1138,122,10,497,4,14,SOLO,MID
1139,123,1,64,4,11,NONE,JUNGLE
1140,123,2,112,4,3,SOLO,MID
1141,123,3,12,3,4,DUO_SUPPORT,BOT
1142,123,4,157,4,12,SOLO,TOP
1143,123,5,236,4,7,DUO_CARRY,BOT
1144,123,6,84,4,12,SOLO,TOP
1145,123,7,497,4,14,SOLO,MID
1146,123,8,412,3,4,DUO_SUPPORT,BOT
1147,123,9,51,4,7,DUO_CARRY,BOT
1148,123,10,254,4,11,NONE,JUNGLE
1149,124,1,9,4,11,NONE,JUNGLE
1150,124,2,51,7,4,DUO_CARRY,BOT
1151,124,3,40,3,4,DUO_SUPPORT,BOT
1152,124,4,13,21,4,SOLO,MID
1153,124,5,62,4,12,SOLO,TOP
1154,124,6,427,4,11,NONE,JUNGLE
1155,124,7,92,4,12,SOLO,TOP
1156,124,8,99,4,21,SOLO,MID
1157,124,9,412,4,3,DUO_SUPPORT,BOT
1158,124,10,96,4,7,DUO_CARRY,BOT
1159,125,1,122,4,12,SOLO,TOP
1160,125,2,117,3,4,DUO_SUPPORT,BOT
1161,125,3,64,4,11,NONE,JUNGLE
1162,125,4,498,7,4,DUO_CARRY,BOT
1163,125,5,99,4,21,SOLO,MID
1164,125,6,245,4,14,SOLO,MID
1165,125,7,236,7,4,DUO_CARRY,BOT
1166,125,8,75,4,12,SOLO,TOP
1167,125,9,11,11,4,NONE,JUNGLE
1168,125,10,25,3,4,DUO_SUPPORT,BOT
1169,126,1,117,3,4,DUO_SUPPORT,BOT
1170,126,2,236,4,7,DUO_CARRY,BOT
1171,126,3,50,12,4,SOLO,TOP
1172,126,4,64,11,4,NONE,JUNGLE
1173,126,5,99,4,21,SOLO,MID
1174,126,6,35,14,11,NONE,JUNGLE
1175,126,7,84,14,4,SOLO,MID
1176,126,8,201,4,3,DUO,BOT
1177,126,9,67,7,4,DUO,BOT
1178,126,10,41,4,14,SOLO,TOP
1179,127,1,32,4,11,NONE,JUNGLE
1180,127,2,51,4,7,DUO_CARRY,BOT
1181,127,3,412,4,14,DUO_SUPPORT,BOT
1182,127,4,126,4,12,SOLO,TOP
1183,127,5,99,4,21,SOLO,MID
1184,127,6,67,7,4,DUO_CARRY,BOT
1185,127,7,62,4,11,NONE,JUNGLE
1186,127,8,39,4,12,SOLO,TOP
1187,127,9,53,4,3,DUO_SUPPORT,BOT
1188,127,10,105,4,14,SOLO,MID
1189,128,1,99,21,4,SOLO,MID
1190,128,2,114,12,4,SOLO,TOP
1191,128,3,21,4,7,DUO_CARRY,BOT
1192,128,4,19,4,11,NONE,JUNGLE
1193,128,5,40,4,3,DUO_SUPPORT,BOT
1194,128,6,41,4,12,SOLO,TOP
1195,128,7,7,14,4,SOLO,MID
1196,128,8,79,4,11,NONE,JUNGLE
1197,128,9,202,4,7,DUO_CARRY,BOT
1198,128,10,89,4,3,DUO_SUPPORT,BOT
1199,129,1,61,4,21,SOLO,MID
1200,129,2,89,4,3,DUO_SUPPORT,BOT
1201,129,3,48,4,12,SOLO,TOP
1202,129,4,5,11,4,NONE,JUNGLE
1203,129,5,236,4,7,DUO_CARRY,BOT
1204,129,6,111,4,12,SOLO,TOP
1205,129,7,429,7,4,DUO_CARRY,BOT
1206,129,8,11,11,4,NONE,JUNGLE
1207,129,9,412,3,4,DUO_SUPPORT,BOT
1208,129,10,103,4,14,SOLO,MID
1209,130,1,58,12,4,SOLO,TOP
1210,130,2,5,4,11,NONE,JUNGLE
1211,130,3,51,4,7,SOLO,MID
1212,130,4,412,4,3,DUO_SUPPORT,BOT
1213,130,5,67,4,7,DUO_CARRY,BOT
1214,130,6,104,4,11,NONE,JUNGLE
1215,130,7,240,12,4,SOLO,TOP
1216,130,8,236,7,4,DUO_CARRY,BOT
1217,130,9,61,4,21,SOLO,MID
1218,130,10,89,4,3,DUO_SUPPORT,BOT
1219,131,1,61,4,21,SOLO,MID
1220,131,2,89,4,3,DUO,BOT
1221,131,3,67,7,4,DUO,BOT
1222,131,4,19,11,4,NONE,JUNGLE
1223,131,5,111,12,4,SOLO,TOP
1224,131,6,64,4,11,DUO,MID
1225,131,7,222,7,4,SOLO,BOT
1226,131,8,114,4,12,SOLO,TOP
1227,131,9,34,4,14,DUO,MID
1228,131,10,267,4,3,NONE,JUNGLE
1229,132,1,61,4,21,SOLO,MID
1230,132,2,89,4,3,DUO_SUPPORT,BOT
1231,132,3,80,4,14,SOLO,TOP
1232,132,4,68,4,11,NONE,JUNGLE
1233,132,5,21,4,7,DUO_CARRY,BOT
1234,132,6,58,12,4,SOLO,TOP
1235,132,7,64,4,11,NONE,JUNGLE
1236,132,8,111,4,3,DUO_SUPPORT,BOT
1237,132,9,134,4,14,SOLO,MID
1238,132,10,236,7,4,DUO_CARRY,BOT
1239,133,1,161,4,3,DUO_SUPPORT,BOT
1240,133,2,22,4,7,DUO_CARRY,BOT
1241,133,3,35,11,14,NONE,JUNGLE
1242,133,4,4,14,4,SOLO,MID
1243,133,5,58,12,4,SOLO,TOP
1244,133,6,29,4,7,DUO,BOT
1245,133,7,54,12,4,SOLO,TOP
1246,133,8,157,4,11,NONE,JUNGLE
1247,133,9,61,4,21,SOLO,MID
1248,133,10,89,4,3,DUO,BOT
1249,134,1,22,4,7,DUO_CARRY,BOT
1250,134,2,29,4,11,NONE,JUNGLE
1251,134,3,412,3,4,DUO_SUPPORT,BOT
1252,134,4,92,4,12,SOLO,TOP
1253,134,5,74,21,4,SOLO,MID
1254,134,6,15,7,4,DUO_CARRY,BOT
1255,134,7,104,4,12,SOLO,MID
1256,134,8,240,12,4,SOLO,TOP
1257,134,9,121,11,4,NONE,JUNGLE
1258,134,10,99,4,21,DUO_SUPPORT,BOT
1259,135,1,81,4,7,DUO_CARRY,BOT
1260,135,2,61,4,21,SOLO,MID
1261,135,3,121,4,11,NONE,JUNGLE
1262,135,4,78,4,12,SOLO,TOP
1263,135,5,37,14,4,DUO_SUPPORT,BOT
1264,135,6,35,11,14,NONE,JUNGLE
1265,135,7,25,4,3,DUO_SUPPORT,BOT
1266,135,8,23,12,4,SOLO,TOP
1267,135,9,99,4,21,SOLO,MID
1268,135,10,22,4,7,DUO_CARRY,BOT
1269,136,1,86,4,12,SOLO,TOP
1270,136,2,106,4,11,NONE,JUNGLE
1271,136,3,99,4,21,SOLO,MID
1272,136,4,43,14,4,DUO_SUPPORT,BOT
1273,136,5,236,4,7,DUO_CARRY,BOT
1274,136,6,68,12,4,SOLO,TOP
1275,136,7,22,12,4,DUO_CARRY,BOT
1276,136,8,64,11,4,NONE,JUNGLE
1277,136,9,25,4,3,DUO_SUPPORT,BOT
1278,136,10,134,4,14,SOLO,MID
1279,137,1,89,4,3,DUO,BOT
1280,137,2,29,7,4,DUO,BOT
1281,137,3,150,4,12,SOLO,TOP
1282,137,4,120,11,6,NONE,JUNGLE
1283,137,5,61,6,4,SOLO,MID
1284,137,6,99,4,21,SOLO,MID
1285,137,7,117,4,3,DUO_SUPPORT,BOT
1286,137,8,80,4,14,SOLO,TOP
1287,137,9,236,4,7,DUO_CARRY,BOT
1288,137,10,11,4,11,NONE,JUNGLE
1289,138,1,51,4,7,DUO_CARRY,BOT
1290,138,2,43,4,3,DUO_SUPPORT,BOT
1291,138,3,131,14,4,SOLO,MID
1292,138,4,50,4,12,SOLO,TOP
1293,138,5,19,4,11,NONE,JUNGLE
1294,138,6,25,4,3,DUO_SUPPORT,BOT
1295,138,7,54,4,12,SOLO,TOP
1296,138,8,11,4,11,NONE,JUNGLE
1297,138,9,22,4,7,DUO_CARRY,BOT
1298,138,10,7,14,4,SOLO,MID
1299,139,1,19,11,4,NONE,JUNGLE
1300,139,2,81,4,7,DUO_CARRY,BOT
1301,139,3,201,3,4,DUO_SUPPORT,BOT
1302,139,4,85,4,12,SOLO,TOP
1303,139,5,91,4,21,SOLO,MID
1304,139,6,99,4,6,SOLO,MID
1305,139,7,33,4,11,NONE,JUNGLE
1306,139,8,92,4,14,SOLO,TOP
1307,139,9,29,4,7,DUO_CARRY,BOT
1308,139,10,412,4,14,DUO_SUPPORT,BOT
1309,140,1,99,4,21,SOLO,MID
1310,140,2,25,4,3,DUO_SUPPORT,BOT
1311,140,3,236,4,7,DUO_CARRY,BOT
1312,140,4,36,4,12,SOLO,TOP
1313,140,5,24,4,11,NONE,JUNGLE
1314,140,6,48,4,12,SOLO,TOP
1315,140,7,81,7,4,DUO,BOT
1316,140,8,89,14,4,DUO,BOT
1317,140,9,103,4,14,SOLO,MID
1318,140,10,56,4,11,NONE,JUNGLE
1319,141,1,161,4,6,SOLO,MID
1320,141,2,11,4,11,NONE,JUNGLE
1321,141,3,51,4,7,DUO_CARRY,BOT
1322,141,4,43,4,3,DUO_SUPPORT,BOT
1323,141,5,31,4,12,SOLO,TOP
1324,141,6,420,12,4,SOLO,TOP
1325,141,7,267,3,4,DUO_SUPPORT,BOT
1326,141,8,67,4,7,DUO_CARRY,BOT
1327,141,9,61,4,21,SOLO,MID
1328,141,10,62,4,11,NONE,JUNGLE
1329,142,1,96,4,7,DUO_CARRY,BOT
1330,142,2,412,4,3,DUO_SUPPORT,BOT
1331,142,3,99,4,21,SOLO,MID
1332,142,4,79,4,11,NONE,JUNGLE
1333,142,5,126,4,12,SOLO,TOP
1334,142,6,29,7,4,DUO_CARRY,BOT
1335,142,7,8,4,6,SOLO,TOP
1336,142,8,23,4,11,NONE,JUNGLE
1337,142,9,157,4,14,SOLO,MID
1338,142,10,16,4,14,DUO_SUPPORT,BOT
1339,143,1,10,12,4,SOLO,TOP
1340,143,2,53,3,4,DUO_SUPPORT,BOT
1341,143,3,110,4,7,DUO_CARRY,BOT
1342,143,4,103,4,21,SOLO,MID
1343,143,5,11,4,11,NONE,JUNGLE
1344,143,6,51,4,7,DUO_CARRY,BOT
1345,143,7,8,4,21,SOLO,TOP
1346,143,8,245,4,11,NONE,JUNGLE
1347,143,9,7,4,14,SOLO,MID
1348,143,10,25,4,3,DUO_SUPPORT,BOT
1349,144,1,1,14,4,SOLO,MID
1350,144,2,75,11,4,NONE,JUNGLE
1351,144,3,14,4,12,SOLO,TOP
1352,144,4,85,4,7,DUO_CARRY,BOT
1353,144,5,412,4,3,DUO_SUPPORT,BOT
1354,144,6,67,7,4,DUO_CARRY,BOT
1355,144,7,98,4,12,SOLO,TOP
1356,144,8,432,3,4,DUO_SUPPORT,BOT
1357,144,9,5,4,11,NONE,JUNGLE
1358,144,10,99,4,21,SOLO,MID
1359,145,1,43,4,14,DUO_SUPPORT,BOT
1360,145,2,3,4,11,NONE,JUNGLE
1361,145,3,51,7,4,DUO_CARRY,BOT
1362,145,4,161,1,4,SOLO,MID
1363,145,5,150,4,12,SOLO,TOP
1364,145,6,245,12,4,SOLO,MID
1365,145,7,110,4,7,DUO,BOT
1366,145,8,104,4,11,NONE,JUNGLE
1367,145,9,54,12,4,SOLO,TOP
1368,145,10,79,3,4,DUO,BOT
1369,146,1,56,4,11,NONE,JUNGLE
1370,146,2,16,4,7,DUO_SUPPORT,BOT
1371,146,3,58,12,4,SOLO,TOP
1372,146,4,21,4,7,DUO_CARRY,BOT
1373,146,5,38,14,4,SOLO,MID
1374,146,6,240,4,12,SOLO,TOP
1375,146,7,51,4,7,DUO_CARRY,BOT
1376,146,8,37,3,4,DUO_SUPPORT,BOT
1377,146,9,245,4,14,SOLO,MID
1378,146,10,19,11,4,NONE,JUNGLE
1379,147,1,236,7,4,DUO_CARRY,BOT
1380,147,2,3,12,4,SOLO,TOP
1381,147,3,60,11,4,NONE,JUNGLE
1382,147,4,16,4,3,DUO_SUPPORT,BOT
1383,147,5,61,14,4,SOLO,MID
1384,147,6,55,4,14,SOLO,MID
1385,147,7,1,4,14,DUO_SUPPORT,BOT
1386,147,8,64,4,14,SOLO,TOP
1387,147,9,51,4,7,DUO_CARRY,BOT
1388,147,10,254,4,11,NONE,JUNGLE
1389,148,1,111,12,4,SOLO,TOP
1390,148,2,69,4,14,SOLO,MID
1391,148,3,236,7,4,DUO_CARRY,BOT
1392,148,4,117,3,4,DUO_SUPPORT,BOT
1393,148,5,56,4,11,NONE,JUNGLE
1394,148,6,11,11,6,NONE,JUNGLE
1395,148,7,44,3,4,DUO_SUPPORT,BOT
1396,148,8,122,4,12,SOLO,TOP
1397,148,9,1,14,4,SOLO,MID
1398,148,10,22,4,7,DUO_CARRY,BOT
1399,149,1,161,4,21,SOLO,MID
1400,149,2,79,11,4,NONE,JUNGLE
1401,149,3,117,14,4,DUO_SUPPORT,BOT
1402,149,4,58,12,4,SOLO,TOP
1403,149,5,51,4,7,DUO_CARRY,BOT
1404,149,6,89,3,4,DUO_SUPPORT,BOT
1405,149,7,103,4,14,SOLO,MID
1406,149,8,23,4,14,SOLO,TOP
1407,149,9,56,4,11,NONE,JUNGLE
1408,149,10,119,7,4,DUO_CARRY,BOT
1409,150,1,53,14,4,DUO_SUPPORT,BOT
1410,150,2,19,12,4,SOLO,TOP
1411,150,3,22,7,4,DUO_CARRY,BOT
1412,150,4,64,4,11,NONE,JUNGLE
1413,150,5,84,14,4,SOLO,MID
1414,150,6,222,4,7,DUO_CARRY,BOT
1415,150,7,12,3,4,DUO_SUPPORT,BOT
1416,150,8,56,4,11,NONE,JUNGLE
1417,150,9,39,4,12,SOLO,TOP
1418,150,10,55,4,14,SOLO,MID
1419,151,1,69,14,4,SOLO,MID
1420,151,2,16,4,3,DUO_SUPPORT,BOT
1421,151,3,56,4,11,NONE,JUNGLE
1422,151,4,122,12,4,SOLO,TOP
1423,151,5,67,4,7,DUO_CARRY,BOT
1424,151,6,222,4,7,DUO_CARRY,BOT
1425,151,7,117,4,14,DUO_SUPPORT,BOT
1426,151,8,81,12,14,SOLO,TOP
1427,151,9,79,4,11,NONE,JUNGLE
1428,151,10,45,4,12,SOLO,MID
1429,152,1,22,7,4,DUO_CARRY,BOT
1430,152,2,75,4,12,SOLO,TOP
1431,152,3,62,4,14,SOLO,MID
1432,152,4,104,11,4,NONE,JUNGLE
1433,152,5,143,3,4,DUO_SUPPORT,BOT
1434,152,6,150,4,12,SOLO,TOP
1435,152,7,161,21,4,SOLO,MID
1436,152,8,64,11,4,NONE,JUNGLE
1437,152,9,412,3,4,DUO_SUPPORT,BOT
1438,152,10,236,4,7,DUO_CARRY,BOT
1439,153,1,111,4,3,DUO_SUPPORT,BOT
1440,153,2,236,4,7,DUO_CARRY,BOT
1441,153,3,24,4,12,SOLO,TOP
1442,153,4,63,4,6,SOLO,MID
1443,153,5,164,4,11,NONE,JUNGLE
1444,153,6,23,4,14,SOLO,TOP
1445,153,7,9,4,11,NONE,JUNGLE
1446,153,8,12,4,3,DUO,BOT
1447,153,9,126,14,4,SOLO,MID
1448,153,10,429,4,7,DUO,BOT
1449,154,1,104,11,4,NONE,JUNGLE
1450,154,2,22,7,4,DUO_CARRY,BOT
1451,154,3,412,4,3,DUO_SUPPORT,BOT
1452,154,4,23,12,4,SOLO,TOP
1453,154,5,105,4,14,SOLO,MID
1454,154,6,51,4,7,DUO_CARRY,BOT
1455,154,7,14,12,4,SOLO,TOP
1456,154,8,11,6,11,NONE,JUNGLE
1457,154,9,99,4,14,DUO_SUPPORT,BOT
1458,154,10,134,3,4,SOLO,MID
1459,155,1,58,4,12,SOLO,TOP
1460,155,2,5,11,4,NONE,JUNGLE
1461,155,3,245,14,4,SOLO,MID
1462,155,4,117,4,3,DUO_SUPPORT,BOT
1463,155,5,96,4,7,DUO_CARRY,BOT
1464,155,6,236,7,4,DUO,BOT
1465,155,7,111,3,4,DUO,BOT
1466,155,8,98,4,12,SOLO,TOP
1467,155,9,45,4,12,SOLO,MID
1468,155,10,64,4,11,NONE,JUNGLE
1469,156,1,75,6,12,SOLO,TOP
1470,156,2,161,4,21,SOLO,MID
1471,156,3,1,14,4,DUO_SUPPORT,BOT
1472,156,4,51,4,7,DUO_CARRY,BOT
1473,156,5,19,4,11,NONE,JUNGLE
1474,156,6,222,7,4,DUO_CARRY,BOT
1475,156,7,117,3,4,DUO_SUPPORT,BOT
1476,156,8,11,11,4,NONE,JUNGLE
1477,156,9,31,4,12,SOLO,TOP
1478,156,10,238,4,14,SOLO,MID
1479,157,1,134,4,6,SOLO,MID
1480,157,2,99,3,4,DUO_SUPPORT,BOT
1481,157,3,222,4,7,DUO_CARRY,BOT
1482,157,4,62,4,11,NONE,JUNGLE
1483,157,5,41,4,12,SOLO,TOP
1484,157,6,57,12,4,SOLO,TOP
1485,157,7,202,4,11,DUO_CARRY,BOT
1486,157,8,25,6,4,SOLO,MID
1487,157,9,104,11,4,NONE,JUNGLE
1488,157,10,117,4,3,DUO_SUPPORT,BOT
1489,158,1,201,4,14,DUO_SUPPORT,BOT
1490,158,2,236,4,7,DUO_CARRY,BOT
1491,158,3,76,4,14,SOLO,TOP
1492,158,4,61,6,4,SOLO,MID
1493,158,5,113,4,11,NONE,JUNGLE
1494,158,6,222,4,7,DUO_CARRY,BOT
1495,158,7,59,4,11,NONE,JUNGLE
1496,158,8,99,4,14,SOLO,MID
1497,158,9,37,4,3,DUO_SUPPORT,BOT
1498,158,10,41,12,4,SOLO,TOP
1499,159,1,92,4,11,NONE,JUNGLE
1500,159,2,67,7,4,SOLO,TOP
1501,159,3,222,4,7,DUO_CARRY,BOT
1502,159,4,25,4,14,SOLO,MID
1503,159,5,412,4,3,DUO_SUPPORT,BOT
1504,159,6,103,14,4,SOLO,MID
1505,159,7,43,3,4,DUO_SUPPORT,BOT
1506,159,8,64,4,11,NONE,JUNGLE
1507,159,9,51,4,7,DUO_CARRY,BOT
1508,159,10,63,12,4,SOLO,TOP
1509,160,1,245,14,4,SOLO,MID
1510,160,2,29,7,4,DUO_CARRY,BOT
1511,160,3,16,4,3,DUO_SUPPORT,BOT
1512,160,4,92,4,12,SOLO,TOP
1513,160,5,64,11,4,NONE,JUNGLE
1514,160,6,76,4,11,NONE,JUNGLE
1515,160,7,31,12,4,SOLO,TOP
1516,160,8,15,7,4,DUO_CARRY,BOT
1517,160,9,7,4,14,SOLO,MID
1518,160,10,99,4,3,DUO_SUPPORT,BOT
1519,161,1,222,4,7,DUO_CARRY,BOT
1520,161,2,53,3,4,DUO_SUPPORT,BOT
1521,161,3,92,4,14,SOLO,TOP
1522,161,4,59,4,11,NONE,JUNGLE
1523,161,5,84,4,14,SOLO,MID
1524,161,6,22,4,7,DUO_CARRY,BOT
1525,161,7,12,4,3,DUO_SUPPORT,BOT
1526,161,8,154,11,4,NONE,JUNGLE
1527,161,9,85,12,4,SOLO,TOP
1528,161,10,1,14,4,SOLO,MID
1529,162,1,41,4,12,SOLO,TOP
1530,162,2,427,4,11,NONE,JUNGLE
1531,162,3,105,4,14,SOLO,MID
1532,162,4,81,4,7,DUO_CARRY,BOT
1533,162,5,268,3,4,DUO_SUPPORT,BOT
1534,162,6,89,4,3,DUO_SUPPORT,BOT
1535,162,7,51,7,4,DUO_CARRY,BOT
1536,162,8,34,4,14,SOLO,MID
1537,162,9,19,11,6,NONE,JUNGLE
1538,162,10,75,4,12,SOLO,TOP
1539,163,1,45,4,12,SOLO,MID
1540,163,2,26,4,3,DUO_SUPPORT,BOT
1541,163,3,39,4,12,SOLO,TOP
1542,163,4,427,4,11,NONE,JUNGLE
1543,163,5,29,4,7,DUO_CARRY,BOT
1544,163,6,105,4,14,SOLO,MID
1545,163,7,92,4,12,SOLO,TOP
1546,163,8,19,6,11,NONE,JUNGLE
1547,163,9,89,4,3,DUO_SUPPORT,BOT
1548,163,10,96,7,4,DUO_CARRY,BOT
1549,164,1,24,4,12,SOLO,TOP
1550,164,2,5,11,4,NONE,JUNGLE
1551,164,3,81,7,4,DUO_CARRY,BOT
1552,164,4,90,14,4,SOLO,MID
1553,164,5,99,4,14,DUO_SUPPORT,BOT
1554,164,6,25,4,3,DUO_SUPPORT,BOT
1555,164,7,429,4,7,DUO_CARRY,BOT
1556,164,8,32,4,11,NONE,JUNGLE
1557,164,9,103,4,14,SOLO,MID
1558,164,10,64,4,12,SOLO,TOP
1559,165,1,222,7,4,DUO_CARRY,BOT
1560,165,2,24,11,4,NONE,JUNGLE
1561,165,3,112,14,4,SOLO,MID
1562,165,4,85,4,14,SOLO,TOP
1563,165,5,16,3,4,DUO_SUPPORT,BOT
1564,165,6,412,4,14,DUO_SUPPORT,BOT
1565,165,7,8,4,14,SOLO,MID
1566,165,8,41,3,4,SOLO,TOP
1567,165,9,254,11,4,NONE,JUNGLE
1568,165,10,236,4,7,DUO_CARRY,BOT
1569,166,1,103,4,14,SOLO,MID
1570,166,2,117,3,4,DUO_SUPPORT,BOT
1571,166,3,67,7,4,DUO_CARRY,BOT
1572,166,4,36,12,4,SOLO,TOP
1573,166,5,19,4,11,NONE,JUNGLE
1574,166,6,2,4,12,SOLO,TOP
1575,166,7,32,4,11,NONE,JUNGLE
1576,166,8,96,4,7,DUO_CARRY,BOT
1577,166,9,412,3,4,DUO_SUPPORT,BOT
1578,166,10,157,4,14,SOLO,MID
1579,167,1,38,4,12,SOLO,MID
1580,167,2,24,4,14,SOLO,TOP
1581,167,3,11,4,11,NONE,JUNGLE
1582,167,4,110,4,7,DUO_CARRY,BOT
1583,167,5,412,4,3,DUO_SUPPORT,BOT
1584,167,6,31,12,4,SOLO,TOP
1585,167,7,53,4,3,DUO_SUPPORT,BOT
1586,167,8,202,4,7,DUO_CARRY,BOT
1587,167,9,254,4,11,NONE,JUNGLE
1588,167,10,105,4,14,SOLO,MID
1589,168,1,54,4,12,SOLO,TOP
1590,168,2,236,4,7,DUO_CARRY,BOT
1591,168,3,25,4,3,DUO_SUPPORT,BOT
1592,168,4,7,4,14,SOLO,MID
1593,168,5,5,11,4,NONE,JUNGLE
1594,168,6,16,3,4,DUO_SUPPORT,BOT
1595,168,7,22,7,4,DUO_CARRY,BOT
1596,168,8,157,4,14,DUO_CARRY,MID
1597,168,9,113,4,11,DUO_SUPPORT,MID
1598,168,10,80,4,14,SOLO,TOP
1599,169,1,427,11,4,NONE,JUNGLE
1600,169,2,105,14,4,SOLO,MID
1601,169,3,90,4,3,DUO_SUPPORT,BOT
1602,169,4,236,7,4,DUO_CARRY,BOT
1603,169,5,23,14,4,SOLO,TOP
1604,169,6,117,3,4,DUO_SUPPORT,BOT
1605,169,7,103,4,3,SOLO,MID
1606,169,8,19,4,11,NONE,JUNGLE
1607,169,9,29,4,7,DUO_CARRY,BOT
1608,169,10,5,4,12,SOLO,TOP
1609,170,1,40,4,3,DUO_SUPPORT,BOT
1610,170,2,90,14,4,SOLO,MID
1611,170,3,41,4,12,SOLO,TOP
1612,170,4,76,4,11,NONE,JUNGLE
1613,170,5,81,7,4,DUO_CARRY,BOT
1614,170,6,4,4,1,SOLO,MID
1615,170,7,64,11,4,NONE,JUNGLE
1616,170,8,85,4,12,SOLO,TOP
1617,170,9,119,7,4,DUO_CARRY,BOT
1618,170,10,89,3,4,DUO_SUPPORT,BOT
1619,171,1,37,4,3,DUO_SUPPORT,BOT
1620,171,2,202,7,4,DUO_CARRY,BOT
1621,171,3,127,4,14,SOLO,MID
1622,171,4,35,14,11,NONE,JUNGLE
1623,171,5,54,12,4,SOLO,TOP
1624,171,6,117,14,4,DUO_SUPPORT,BOT
1625,171,7,104,4,11,NONE,JUNGLE
1626,171,8,58,4,14,SOLO,TOP
1627,171,9,61,4,21,SOLO,MID
1628,171,10,96,4,7,DUO_CARRY,BOT
1629,172,1,82,12,4,SOLO,TOP
1630,172,2,59,11,4,NONE,JUNGLE
1631,172,3,222,4,7,DUO_CARRY,BOT
1632,172,4,161,4,3,DUO_SUPPORT,BOT
1633,172,5,136,7,4,SOLO,MID
1634,172,6,61,4,21,SOLO,TOP
1635,172,7,51,4,7,DUO_CARRY,BOT
1636,172,8,84,3,4,DUO_SUPPORT,BOT
1637,172,9,80,4,11,NONE,JUNGLE
1638,172,10,157,4,12,SOLO,MID
1639,173,1,240,12,4,SOLO,TOP
1640,173,2,64,4,11,NONE,JUNGLE
1641,173,3,61,4,1,SOLO,MID
1642,173,4,222,4,7,DUO_CARRY,BOT
1643,173,5,432,14,4,DUO_SUPPORT,BOT
1644,173,6,3,4,3,DUO_SUPPORT,BOT
1645,173,7,96,4,7,DUO_CARRY,BOT
1646,173,8,103,4,14,SOLO,MID
1647,173,9,32,4,11,NONE,JUNGLE
1648,173,10,41,12,4,SOLO,TOP
1649,174,1,13,4,14,SOLO,MID
1650,174,2,22,7,4,DUO_CARRY,BOT
1651,174,3,117,4,3,DUO_SUPPORT,BOT
1652,174,4,122,12,4,SOLO,TOP
1653,174,5,203,11,4,NONE,JUNGLE
1654,174,6,412,4,3,DUO_SUPPORT,BOT
1655,174,7,18,7,4,DUO_CARRY,BOT
1656,174,8,79,4,11,NONE,JUNGLE
1657,174,9,98,4,12,SOLO,TOP
1658,174,10,4,4,21,SOLO,MID
1659,175,1,11,4,11,NONE,JUNGLE
1660,175,2,89,4,3,DUO_SUPPORT,BOT
1661,175,3,23,4,12,SOLO,TOP
1662,175,4,202,7,4,DUO_CARRY,BOT
1663,175,5,61,4,21,SOLO,MID
1664,175,6,67,4,7,DUO_CARRY,BOT
1665,175,7,99,6,4,SOLO,MID
1666,175,8,102,6,11,NONE,JUNGLE
1667,175,9,58,4,14,SOLO,TOP
1668,175,10,17,4,14,DUO_SUPPORT,BOT
1669,176,1,412,4,3,DUO_SUPPORT,BOT
1670,176,2,236,7,4,DUO_CARRY,BOT
1671,176,3,24,4,12,SOLO,TOP
1672,176,4,64,4,11,NONE,JUNGLE
1673,176,5,61,4,21,SOLO,MID
1674,176,6,51,4,7,DUO_CARRY,BOT
1675,176,7,161,4,21,SOLO,MID
1676,176,8,201,4,3,DUO_SUPPORT,BOT
1677,176,9,164,12,4,SOLO,TOP
1678,176,10,33,11,4,NONE,JUNGLE
1679,177,1,61,4,21,SOLO,MID
1680,177,2,80,14,4,SOLO,TOP
1681,177,3,113,4,11,NONE,JUNGLE
1682,177,4,53,4,3,DUO_SUPPORT,BOT
1683,177,5,202,7,4,DUO_CARRY,BOT
1684,177,6,81,4,7,DUO_CARRY,BOT
1685,177,7,35,11,4,NONE,JUNGLE
1686,177,8,23,12,3,SOLO,TOP
1687,177,9,89,14,4,DUO_SUPPORT,BOT
1688,177,10,4,6,4,SOLO,MID
1689,178,1,432,4,3,DUO_SUPPORT,BOT
1690,178,2,161,4,21,SOLO,MID
1691,178,3,28,11,4,NONE,JUNGLE
1692,178,4,51,7,4,DUO_CARRY,BOT
1693,178,5,126,4,14,SOLO,TOP
1694,178,6,236,7,4,DUO_CARRY,BOT
1695,178,7,32,4,11,NONE,JUNGLE
1696,178,8,114,4,12,SOLO,TOP
1697,178,9,61,4,21,SOLO,MID
1698,178,10,267,4,3,DUO_SUPPORT,BOT
1699,179,1,121,4,11,NONE,JUNGLE
1700,179,2,412,3,4,DUO,BOT
1701,179,3,122,12,4,SOLO,TOP
1702,179,4,61,4,21,SOLO,MID
1703,179,5,18,4,7,DUO,BOT
1704,179,6,21,4,7,DUO,MID
1705,179,7,83,4,12,SOLO,TOP
1706,179,8,40,3,4,SOLO,BOT
1707,179,9,8,4,6,DUO,MID
1708,179,10,154,11,4,NONE,JUNGLE
1709,180,1,26,4,3,DUO_SUPPORT,BOT
1710,180,2,222,4,7,DUO_CARRY,BOT
1711,180,3,61,4,21,SOLO,MID
1712,180,4,122,12,4,SOLO,TOP
1713,180,5,11,11,4,NONE,JUNGLE
1714,180,6,121,4,11,NONE,JUNGLE
1715,180,7,1,4,14,SOLO,MID
1716,180,8,2,12,6,SOLO,TOP
1717,180,9,432,14,4,DUO_SUPPORT,BOT
1718,180,10,18,7,4,DUO_CARRY,BOT
1719,181,1,23,12,4,SOLO,TOP
1720,181,2,112,12,4,SOLO,MID
1721,181,3,56,4,11,NONE,JUNGLE
1722,181,4,51,7,4,DUO_CARRY,BOT
1723,181,5,90,4,3,DUO_SUPPORT,BOT
1724,181,6,201,3,4,DUO_SUPPORT,BOT
1725,181,7,236,7,4,DUO_CARRY,BOT
1726,181,8,41,4,3,SOLO,TOP
1727,181,9,238,14,4,SOLO,MID
1728,181,10,79,4,11,NONE,JUNGLE
1729,182,1,37,4,3,DUO_SUPPORT,BOT
1730,182,2,14,4,12,SOLO,TOP
1731,182,3,56,4,11,NONE,JUNGLE
1732,182,4,41,21,4,SOLO,MID
1733,182,5,104,7,4,DUO_CARRY,BOT
1734,182,6,98,3,4,DUO_SUPPORT,BOT
1735,182,7,202,7,4,DUO_CARRY,BOT
1736,182,8,127,12,4,SOLO,TOP
1737,182,9,111,11,4,NONE,JUNGLE
1738,182,10,105,14,4,SOLO,MID
1739,183,1,56,4,11,NONE,JUNGLE
1740,183,2,222,4,7,DUO_CARRY,BOT
1741,183,3,54,12,4,SOLO,TOP
1742,183,4,61,4,6,SOLO,MID
1743,183,5,21,3,4,DUO_SUPPORT,BOT
1744,183,6,267,4,3,DUO_SUPPORT,BOT
1745,183,7,81,4,7,DUO_CARRY,BOT
1746,183,8,24,4,3,SOLO,TOP
1747,183,9,64,4,11,NONE,JUNGLE
1748,183,10,99,12,4,SOLO,MID
1749,184,1,222,7,4,DUO_CARRY,BOT
1750,184,2,89,4,3,DUO_SUPPORT,BOT
1751,184,3,64,11,4,NONE,JUNGLE
1752,184,4,245,4,12,SOLO,TOP
1753,184,5,91,4,14,SOLO,MID
1754,184,6,24,4,11,NONE,JUNGLE
1755,184,7,238,14,4,SOLO,MID
1756,184,8,67,4,7,DUO_CARRY,BOT
1757,184,9,412,3,4,DUO_SUPPORT,BOT
1758,184,10,39,4,12,SOLO,TOP
1759,185,1,44,4,3,DUO_SUPPORT,BOT
1760,185,2,45,21,4,SOLO,MID
1761,185,3,59,4,11,NONE,JUNGLE
1762,185,4,86,12,4,SOLO,TOP
1763,185,5,236,4,7,DUO_CARRY,BOT
1764,185,6,5,4,12,SOLO,TOP
1765,185,7,143,4,3,DUO_SUPPORT,BOT
1766,185,8,103,4,14,SOLO,MID
1767,185,9,96,7,4,DUO_CARRY,BOT
1768,185,10,56,4,11,NONE,JUNGLE
1769,186,1,223,12,4,SOLO,TOP
1770,186,2,103,4,14,SOLO,MID
1771,186,3,56,4,11,NONE,JUNGLE
1772,186,4,22,4,7,DUO,BOT
1773,186,5,10,4,3,DUO,BOT
1774,186,6,117,14,4,DUO,BOT
1775,186,7,131,4,7,DUO,MID
1776,186,8,67,4,7,DUO,BOT
1777,186,9,115,4,14,DUO,MID
1778,186,10,266,4,12,NONE,JUNGLE
1779,187,1,136,6,4,SOLO,MID
1780,187,2,222,7,4,DUO_CARRY,BOT
1781,187,3,64,11,4,NONE,JUNGLE
1782,187,4,8,12,4,SOLO,TOP
1783,187,5,161,3,4,DUO_SUPPORT,BOT
1784,187,6,99,4,21,SOLO,MID
1785,187,7,267,4,3,DUO_SUPPORT,BOT
1786,187,8,56,4,11,NONE,JUNGLE
1787,187,9,92,4,12,SOLO,TOP
1788,187,10,67,7,4,DUO_CARRY,BOT
1789,188,1,236,4,7,SOLO,MID
1790,188,2,64,11,4,NONE,JUNGLE
1791,188,3,150,12,4,SOLO,TOP
1792,188,4,35,14,4,DUO_SUPPORT,BOT
1793,188,5,61,14,4,DUO_CARRY,BOT
1794,188,6,57,4,12,SOLO,TOP
1795,188,7,110,4,7,DUO_CARRY,BOT
1796,188,8,432,4,3,DUO_SUPPORT,BOT
1797,188,9,5,4,11,NONE,JUNGLE
1798,188,10,1,4,14,SOLO,MID
1799,189,1,38,4,12,SOLO,MID
1800,189,2,105,4,12,SOLO,TOP
1801,189,3,56,4,11,NONE,JUNGLE
1802,189,4,201,3,4,DUO_SUPPORT,BOT
1803,189,5,51,7,4,DUO_CARRY,BOT
1804,189,6,222,7,4,DUO_CARRY,BOT
1805,189,7,37,4,14,DUO_SUPPORT,BOT
1806,189,8,64,4,11,NONE,JUNGLE
1807,189,9,150,12,4,SOLO,TOP
1808,189,10,61,3,4,SOLO,MID
1809,190,1,40,3,4,DUO_SUPPORT,BOT
1810,190,2,10,4,12,SOLO,TOP
1811,190,3,238,14,4,SOLO,MID
1812,190,4,51,7,4,DUO_CARRY,BOT
1813,190,5,56,4,11,NONE,JUNGLE
1814,190,6,45,4,21,SOLO,MID
1815,190,7,421,4,11,NONE,JUNGLE
1816,190,8,89,4,3,DUO_SUPPORT,BOT
1817,190,9,41,12,4,SOLO,TOP
1818,190,10,222,7,4,DUO_CARRY,BOT
1819,191,1,238,14,4,SOLO,MID
1820,191,2,64,4,11,NONE,JUNGLE
1821,191,3,51,4,7,DUO_CARRY,BOT
1822,191,4,13,12,4,SOLO,TOP
1823,191,5,89,3,4,DUO_SUPPORT,BOT
1824,191,6,412,4,3,DUO_SUPPORT,BOT
1825,191,7,75,4,12,SOLO,TOP
1826,191,8,102,6,11,NONE,JUNGLE
1827,191,9,81,4,7,DUO_CARRY,BOT
1828,191,10,30,14,4,SOLO,MID
1829,192,1,22,4,7,DUO_CARRY,BOT
1830,192,2,150,12,4,SOLO,TOP
1831,192,3,56,4,11,NONE,JUNGLE
1832,192,4,34,3,4,DUO_SUPPORT,BOT
1833,192,5,238,14,4,SOLO,MID
1834,192,6,126,14,4,SOLO,MID
1835,192,7,37,4,14,DUO_SUPPORT,BOT
1836,192,8,222,4,7,DUO_CARRY,BOT
1837,192,9,11,4,11,NONE,JUNGLE
1838,192,10,58,4,14,SOLO,TOP
1839,193,1,64,4,11,NONE,JUNGLE
1840,193,2,21,4,7,DUO_CARRY,BOT
1841,193,3,111,14,4,DUO_SUPPORT,BOT
1842,193,4,50,12,4,SOLO,TOP
1843,193,5,38,14,4,SOLO,MID
1844,193,6,92,4,12,SOLO,TOP
1845,193,7,412,3,4,DUO_SUPPORT,BOT
1846,193,8,56,4,11,NONE,JUNGLE
1847,193,9,7,4,14,SOLO,MID
1848,193,10,222,7,4,DUO_CARRY,BOT
1849,194,1,81,7,4,DUO_CARRY,BOT
1850,194,2,238,14,4,SOLO,MID
1851,194,3,105,4,12,SOLO,TOP
1852,194,4,56,4,11,NONE,JUNGLE
1853,194,5,16,14,4,DUO_SUPPORT,BOT
1854,194,6,3,4,11,NONE,JUNGLE
1855,194,7,117,4,3,DUO_SUPPORT,BOT
1856,194,8,51,7,4,DUO_CARRY,BOT
1857,194,9,38,4,12,SOLO,MID
1858,194,10,48,12,6,SOLO,TOP
1859,195,1,11,11,4,NONE,JUNGLE
1860,195,2,18,7,4,DUO_CARRY,BOT
1861,195,3,25,4,3,DUO_SUPPORT,BOT
1862,195,4,105,4,12,SOLO,MID
1863,195,5,114,4,12,SOLO,TOP
1864,195,6,80,12,4,SOLO,TOP
1865,195,7,90,4,3,DUO_SUPPORT,BOT
1866,195,8,236,4,7,DUO_CARRY,BOT
1867,195,9,91,14,4,SOLO,MID
1868,195,10,56,4,11,NONE,JUNGLE
1869,196,1,101,4,21,SOLO,MID
1870,196,2,202,4,7,DUO_CARRY,BOT
1871,196,3,131,11,4,NONE,JUNGLE
1872,196,4,25,4,14,DUO_SUPPORT,BOT
1873,196,5,75,12,4,SOLO,TOP
1874,196,6,76,4,11,NONE,JUNGLE
1875,196,7,89,4,3,DUO_SUPPORT,BOT
1876,196,8,157,4,12,SOLO,TOP
1877,196,9,222,4,7,DUO_CARRY,BOT
1878,196,10,103,4,14,SOLO,MID
1879,197,1,23,14,4,SOLO,TOP
1880,197,2,51,4,7,DUO_CARRY,BOT
1881,197,3,5,4,11,NONE,JUNGLE
1882,197,4,103,14,4,SOLO,MID
1883,197,5,25,4,14,DUO_SUPPORT,BOT
1884,197,6,43,1,4,SOLO,MID
1885,197,7,12,3,4,DUO_SUPPORT,BOT
1886,197,8,92,4,12,SOLO,TOP
1887,197,9,429,7,4,DUO_CARRY,BOT
1888,197,10,64,11,4,NONE,JUNGLE
1889,198,1,99,14,4,SOLO,MID
1890,198,2,64,11,4,NONE,JUNGLE
1891,198,3,89,4,3,DUO,BOT
1892,198,4,58,4,12,SOLO,TOP
1893,198,5,22,4,7,DUO,BOT
1894,198,6,11,6,11,NONE,JUNGLE
1895,198,7,21,4,7,DUO_CARRY,BOT
1896,198,8,412,3,4,DUO_SUPPORT,BOT
1897,198,9,103,1,4,SOLO,MID
1898,198,10,86,12,4,SOLO,TOP
1899,199,1,99,4,12,SOLO,MID
1900,199,2,105,4,12,SOLO,TOP
1901,199,3,21,4,7,DUO_CARRY,BOT
1902,199,4,89,4,3,DUO_SUPPORT,BOT
1903,199,5,35,11,14,NONE,JUNGLE
1904,199,6,236,4,7,DUO_CARRY,BOT
1905,199,7,43,14,4,DUO_SUPPORT,BOT
1906,199,8,64,4,11,NONE,JUNGLE
1907,199,9,161,4,14,SOLO,MID
1908,199,10,85,4,12,SOLO,TOP
1909,200,1,35,14,11,NONE,JUNGLE
1910,200,2,236,7,4,DUO_CARRY,BOT
1911,200,3,98,4,3,DUO_SUPPORT,BOT
1912,200,4,114,12,4,SOLO,TOP
1913,200,5,134,14,4,SOLO,MID
1914,200,6,24,4,12,SOLO,TOP
1915,200,7,81,4,7,DUO_CARRY,BOT
1916,200,8,121,4,11,NONE,JUNGLE
1917,200,9,161,21,4,SOLO,MID
1918,200,10,44,4,3,DUO_SUPPORT,BOT
1919,201,1,238,14,4,SOLO,MID
1920,201,2,53,4,3,DUO_SUPPORT,BOT
1921,201,3,51,4,7,DUO_CARRY,BOT
1922,201,4,122,4,12,SOLO,TOP
1923,201,5,104,4,11,NONE,JUNGLE
1924,201,6,91,4,14,SOLO,MID
1925,201,7,32,11,4,NONE,JUNGLE
1926,201,8,86,12,4,SOLO,TOP
1927,201,9,18,4,7,DUO_CARRY,BOT
1928,201,10,12,4,3,DUO_SUPPORT,BOT
1929,202,1,61,4,21,SOLO,MID
1930,202,2,63,3,4,DUO_SUPPORT,BOT
1931,202,3,2,12,4,SOLO,TOP
1932,202,4,67,4,7,DUO_CARRY,BOT
1933,202,5,64,4,11,NONE,JUNGLE
1934,202,6,222,4,7,DUO_CARRY,BOT
1935,202,7,134,4,14,SOLO,MID
1936,202,8,85,12,4,SOLO,TOP
1937,202,9,16,4,3,DUO_SUPPORT,BOT
1938,202,10,56,11,4,NONE,JUNGLE
1939,203,1,236,4,7,DUO_CARRY,BOT
1940,203,2,35,11,4,NONE,JUNGLE
1941,203,3,16,4,3,DUO_SUPPORT,BOT
1942,203,4,134,6,4,SOLO,MID
1943,203,5,98,4,12,SOLO,TOP
1944,203,6,31,4,12,SOLO,TOP
1945,203,7,69,14,4,SOLO,MID
1946,203,8,15,7,4,DUO_CARRY,BOT
1947,203,9,90,14,4,DUO_SUPPORT,BOT
1948,203,10,64,11,4,NONE,JUNGLE
1949,204,1,5,4,11,NONE,JUNGLE
1950,204,2,157,4,12,SOLO,TOP
1951,204,3,67,4,7,DUO_CARRY,BOT
1952,204,4,1,4,14,DUO_SUPPORT,BOT
1953,204,5,80,14,4,SOLO,MID
1954,204,6,117,4,3,DUO_SUPPORT,BOT
1955,204,7,58,12,4,SOLO,TOP
1956,204,8,51,4,7,DUO_CARRY,BOT
1957,204,9,68,3,4,SOLO,MID
1958,204,10,64,11,4,NONE,JUNGLE
1959,205,1,412,4,12,SOLO,TOP
1960,205,2,136,4,6,SOLO,MID
1961,205,3,202,7,4,DUO_CARRY,BOT
1962,205,4,35,11,14,NONE,JUNGLE
1963,205,5,89,4,3,DUO_SUPPORT,BOT
1964,205,6,25,3,4,DUO_SUPPORT,BOT
1965,205,7,266,4,11,NONE,JUNGLE
1966,205,8,119,4,7,DUO_CARRY,BOT
1967,205,9,112,4,6,SOLO,MID
1968,205,10,27,4,12,SOLO,TOP
1969,206,1,51,7,4,DUO_CARRY,BOT
1970,206,2,45,4,12,SOLO,MID
1971,206,3,111,4,12,SOLO,TOP
1972,206,4,12,4,3,DUO_SUPPORT,BOT
1973,206,5,3,4,11,NONE,JUNGLE
1974,206,6,115,4,21,SOLO,MID
1975,206,7,16,3,4,DUO_SUPPORT,BOT
1976,206,8,120,4,11,NONE,JUNGLE
1977,206,9,236,4,7,DUO_CARRY,BOT
1978,206,10,43,12,4,SOLO,TOP
1979,207,1,89,4,3,DUO_SUPPORT,BOT
1980,207,2,154,11,4,NONE,JUNGLE
1981,207,3,3,4,12,SOLO,TOP
1982,207,4,45,7,4,SOLO,MID
1983,207,5,67,4,7,DUO_CARRY,BOT
1984,207,6,85,12,4,SOLO,TOP
1985,207,7,22,4,7,DUO_CARRY,BOT
1986,207,8,238,14,4,SOLO,MID
1987,207,9,24,11,4,NONE,JUNGLE
1988,207,10,43,4,3,DUO_SUPPORT,BOT
1989,208,1,202,7,4,DUO_CARRY,BOT
1990,208,2,117,4,3,DUO_SUPPORT,BOT
1991,208,3,105,3,4,SOLO,MID
1992,208,4,3,4,11,NONE,JUNGLE
1993,208,5,33,4,12,SOLO,TOP
1994,208,6,50,4,12,SOLO,TOP
1995,208,7,85,4,3,DUO_SUPPORT,BOT
1996,208,8,245,4,12,SOLO,MID
1997,208,9,32,11,4,NONE,JUNGLE
1998,208,10,236,7,4,DUO_CARRY,BOT
1999,209,1,25,4,3,DUO_SUPPORT,BOT
2000,209,2,107,4,11,NONE,JUNGLE
2001,209,3,23,12,4,SOLO,TOP
2002,209,4,245,4,14,SOLO,MID
2003,209,5,236,7,4,DUO_CARRY,BOT
2004,209,6,5,4,11,NONE,JUNGLE
2005,209,7,105,4,14,SOLO,MID
2006,209,8,41,4,12,SOLO,TOP
2007,209,9,21,4,7,DUO_CARRY,BOT
2008,209,10,12,4,3,DUO_SUPPORT,BOT
2009,210,1,25,3,4,DUO_SUPPORT,BOT
2010,210,2,105,11,4,NONE,JUNGLE
2011,210,3,51,7,4,DUO_CARRY,BOT
2012,210,4,55,14,4,SOLO,MID
2013,210,5,41,12,4,SOLO,TOP
2014,210,6,412,14,4,DUO_SUPPORT,BOT
2015,210,7,50,4,12,SOLO,TOP
2016,210,8,5,4,11,NONE,JUNGLE
2017,210,9,61,4,21,SOLO,MID
2018,210,10,236,4,7,DUO_CARRY,BOT
2019,211,1,119,4,7,DUO_CARRY,BOT
2020,211,2,89,4,3,DUO_SUPPORT,BOT
2021,211,3,91,4,12,SOLO,TOP
2022,211,4,245,4,14,DUO_CARRY,MID
2023,211,5,104,4,11,DUO_SUPPORT,MID
2024,211,6,267,3,4,DUO_SUPPORT,BOT
2025,211,7,236,7,4,DUO_CARRY,BOT
2026,211,8,84,12,4,SOLO,TOP
2027,211,9,102,11,4,NONE,JUNGLE
2028,211,10,55,14,4,SOLO,MID
2029,212,1,119,4,7,DUO_CARRY,BOT
2030,212,2,40,4,3,DUO_SUPPORT,BOT
2031,212,3,245,4,12,SOLO,MID
2032,212,4,54,4,14,SOLO,TOP
2033,212,5,154,11,4,NONE,JUNGLE
2034,212,6,11,6,11,NONE,JUNGLE
2035,212,7,10,4,12,SOLO,TOP
2036,212,8,412,3,4,DUO_SUPPORT,BOT
2037,212,9,110,7,4,DUO_CARRY,BOT
2038,212,10,420,4,12,SOLO,MID
2039,213,1,64,4,11,NONE,JUNGLE
2040,213,2,17,4,14,SOLO,TOP
2041,213,3,81,4,7,DUO_CARRY,BOT
2042,213,4,245,4,14,SOLO,MID
2043,213,5,90,4,3,DUO_SUPPORT,BOT
2044,213,6,12,3,4,DUO_SUPPORT,BOT
2045,213,7,127,4,12,SOLO,TOP
2046,213,8,222,7,4,DUO_CARRY,BOT
2047,213,9,91,4,14,SOLO,MID
2048,213,10,11,4,11,NONE,JUNGLE
2049,214,1,161,4,3,SOLO,MID
2050,214,2,23,12,4,SOLO,TOP
2051,214,3,154,11,4,NONE,JUNGLE
2052,214,4,12,4,3,DUO_SUPPORT,BOT
2053,214,5,81,4,7,DUO_CARRY,BOT
2054,214,6,267,3,4,DUO_SUPPORT,BOT
2055,214,7,236,4,7,DUO_CARRY,BOT
2056,214,8,114,4,12,SOLO,TOP
2057,214,9,11,4,11,NONE,JUNGLE
2058,214,10,38,4,14,SOLO,MID
2059,215,1,99,4,3,DUO_SUPPORT,BOT
2060,215,2,41,12,4,SOLO,TOP
2061,215,3,236,4,7,DUO_CARRY,BOT
2062,215,4,20,6,11,DUO_SUPPORT,MID
2063,215,5,157,4,14,DUO_CARRY,MID
2064,215,6,127,4,12,SOLO,TOP
2065,215,7,32,4,11,NONE,JUNGLE
2066,215,8,105,4,14,SOLO,MID
2067,215,9,21,4,7,DUO_CARRY,BOT
2068,215,10,89,4,3,DUO_SUPPORT,BOT
2069,216,1,17,12,4,SOLO,TOP
2070,216,2,113,4,11,NONE,JUNGLE
2071,216,3,236,4,7,DUO_CARRY,BOT
2072,216,4,89,4,14,DUO_SUPPORT,BOT
2073,216,5,63,14,4,SOLO,MID
2074,216,6,53,3,4,DUO_SUPPORT,BOT
2075,216,7,157,4,14,SOLO,MID
2076,216,8,21,4,7,DUO_CARRY,BOT
2077,216,9,106,4,12,SOLO,TOP
2078,216,10,120,6,11,NONE,JUNGLE
2079,217,1,51,4,7,DUO_CARRY,BOT
2080,217,2,112,4,3,SOLO,MID
2081,217,3,14,4,3,DUO_SUPPORT,BOT
2082,217,4,58,4,12,SOLO,TOP
2083,217,5,19,6,11,NONE,JUNGLE
2084,217,6,236,4,7,DUO_CARRY,BOT
2085,217,7,32,4,11,NONE,JUNGLE
2086,217,8,420,12,4,SOLO,TOP
2087,217,9,63,3,4,DUO_SUPPORT,BOT
2088,217,10,157,4,14,SOLO,MID
2089,218,1,55,14,4,SOLO,MID
2090,218,2,64,11,4,NONE,JUNGLE
2091,218,3,267,4,3,DUO_SUPPORT,BOT
2092,218,4,92,12,4,SOLO,TOP
2093,218,5,51,4,7,DUO_CARRY,BOT
2094,218,6,105,14,4,SOLO,MID
2095,218,7,236,4,7,DUO_CARRY,BOT
2096,218,8,89,4,3,DUO_SUPPORT,BOT
2097,218,9,427,11,4,NONE,JUNGLE
2098,218,10,14,12,6,SOLO,TOP
2099,219,1,98,12,4,SOLO,TOP
2100,219,2,107,4,11,NONE,JUNGLE
2101,219,3,105,14,4,SOLO,MID
2102,219,4,236,4,7,DUO,BOT
2103,219,5,89,4,3,DUO,BOT
2104,219,6,99,4,3,DUO_SUPPORT,BOT
2105,219,7,64,14,4,SOLO,TOP
2106,219,8,202,4,7,DUO_CARRY,BOT
2107,219,9,7,4,14,DUO,MID
2108,219,10,35,14,11,DUO,MID
2109,220,1,202,7,4,DUO_CARRY,BOT
2110,220,2,117,3,4,DUO_SUPPORT,BOT
2111,220,3,157,4,14,SOLO,MID
2112,220,4,114,12,4,SOLO,TOP
2113,220,5,32,11,4,NONE,JUNGLE
2114,220,6,5,4,11,NONE,JUNGLE
2115,220,7,17,4,14,SOLO,TOP
2116,220,8,51,4,7,DUO_CARRY,BOT
2117,220,9,25,4,3,DUO_SUPPORT,BOT
2118,220,10,34,14,4,SOLO,MID
2119,221,1,117,3,4,DUO_SUPPORT,BOT
2120,221,2,51,7,4,DUO_CARRY,BOT
2121,221,3,24,12,4,SOLO,TOP
2122,221,4,238,3,14,SOLO,MID
2123,221,5,5,4,11,NONE,JUNGLE
2124,221,6,420,12,4,SOLO,TOP
2125,221,7,67,7,4,DUO_CARRY,BOT
2126,221,8,14,4,3,DUO_SUPPORT,BOT
2127,221,9,121,11,4,NONE,JUNGLE
2128,221,10,101,4,3,SOLO,MID
2129,222,1,5,4,11,NONE,JUNGLE
2130,222,2,7,14,4,SOLO,MID
2131,222,3,119,4,7,DUO_CARRY,BOT
2132,222,4,157,4,12,SOLO,TOP
2133,222,5,89,3,4,DUO_SUPPORT,BOT
2134,222,6,57,4,12,SOLO,TOP
2135,222,7,91,4,3,SOLO,MID
2136,222,8,64,4,11,NONE,JUNGLE
2137,222,9,53,3,4,DUO_SUPPORT,BOT
2138,222,10,115,4,7,DUO_CARRY,BOT
2139,223,1,23,6,12,SOLO,TOP
2140,223,2,202,4,7,DUO_CARRY,BOT
2141,223,3,157,14,4,SOLO,MID
2142,223,4,5,4,11,NONE,JUNGLE
2143,223,5,48,4,3,DUO_SUPPORT,BOT
2144,223,6,86,12,4,SOLO,TOP
2145,223,7,51,7,4,DUO_CARRY,BOT
2146,223,8,40,3,4,DUO_SUPPORT,BOT
2147,223,9,64,4,11,NONE,JUNGLE
2148,223,10,105,4,14,SOLO,MID
2149,224,1,38,14,4,SOLO,MID
2150,224,2,64,11,4,NONE,JUNGLE
2151,224,3,67,7,4,DUO_CARRY,BOT
2152,224,4,13,4,12,SOLO,TOP
2153,224,5,53,14,4,DUO_SUPPORT,BOT
2154,224,6,29,4,7,DUO_CARRY,BOT
2155,224,7,61,14,4,SOLO,MID
2156,224,8,14,14,4,SOLO,TOP
2157,224,9,5,4,11,NONE,JUNGLE
2158,224,10,412,3,4,DUO_SUPPORT,BOT
2159,225,1,236,4,7,DUO_CARRY,BOT
2160,225,2,120,6,11,NONE,JUNGLE
2161,225,3,89,4,3,DUO_SUPPORT,BOT
2162,225,4,36,4,12,SOLO,TOP
2163,225,5,245,12,4,SOLO,MID
2164,225,6,62,12,4,SOLO,TOP
2165,225,7,45,12,4,SOLO,MID
2166,225,8,432,3,4,DUO_SUPPORT,BOT
2167,225,9,81,4,7,DUO_CARRY,BOT
2168,225,10,56,4,11,NONE,JUNGLE
2169,226,1,121,4,11,NONE,JUNGLE
2170,226,2,96,7,4,DUO_CARRY,BOT
2171,226,3,238,14,4,SOLO,MID
2172,226,4,58,14,4,SOLO,TOP
2173,226,5,223,3,4,DUO_SUPPORT,BOT
2174,226,6,126,4,12,SOLO,TOP
2175,226,7,16,4,3,DUO_SUPPORT,BOT
2176,226,8,202,4,7,DUO_CARRY,BOT
2177,226,9,105,14,4,SOLO,MID
2178,226,10,19,6,11,NONE,JUNGLE
2179,227,1,103,4,14,SOLO,MID
2180,227,2,236,4,7,DUO_CARRY,BOT
2181,227,3,75,4,12,SOLO,TOP
2182,227,4,121,4,11,NONE,JUNGLE
2183,227,5,89,4,3,DUO_SUPPORT,BOT
2184,227,6,106,11,4,NONE,JUNGLE
2185,227,7,111,4,3,DUO_SUPPORT,BOT
2186,227,8,82,12,4,SOLO,TOP
2187,227,9,99,21,4,SOLO,MID
2188,227,10,22,4,7,DUO_CARRY,BOT
2189,228,1,23,11,6,NONE,JUNGLE
2190,228,2,51,4,7,DUO_CARRY,BOT
2191,228,3,48,12,4,SOLO,TOP
2192,228,4,105,4,14,SOLO,MID
2193,228,5,53,4,14,DUO_SUPPORT,BOT
2194,228,6,90,4,3,DUO_SUPPORT,BOT
2195,228,7,238,4,14,SOLO,MID
2196,228,8,17,4,14,SOLO,TOP
2197,228,9,236,4,7,DUO_CARRY,BOT
2198,228,10,121,4,11,NONE,JUNGLE
2199,229,1,24,12,4,SOLO,TOP
2200,229,2,18,7,4,DUO_CARRY,BOT
2201,229,3,105,12,4,SOLO,MID
2202,229,4,19,11,4,NONE,JUNGLE
2203,229,5,117,3,4,DUO_SUPPORT,BOT
2204,229,6,201,3,4,DUO_SUPPORT,BOT
2205,229,7,45,4,21,SOLO,MID
2206,229,8,67,7,4,DUO_CARRY,BOT
2207,229,9,64,11,4,NONE,JUNGLE
2208,229,10,86,4,12,SOLO,TOP
2209,230,1,254,4,11,NONE,JUNGLE
2210,230,2,105,14,4,SOLO,MID
2211,230,3,67,4,7,DUO_CARRY,BOT
2212,230,4,117,4,3,DUO_SUPPORT,BOT
2213,230,5,17,4,14,SOLO,TOP
2214,230,6,78,14,4,SOLO,TOP
2215,230,7,236,4,7,DUO_CARRY,BOT
2216,230,8,412,4,14,DUO_SUPPORT,BOT
2217,230,9,120,6,11,NONE,JUNGLE
2218,230,10,103,4,14,SOLO,MID
2219,231,1,5,4,11,NONE,JUNGLE
2220,231,2,126,4,12,SOLO,TOP
2221,231,3,117,3,4,DUO_SUPPORT,BOT
2222,231,4,222,4,7,DUO_CARRY,BOT
2223,231,5,9,4,14,SOLO,MID
2224,231,6,236,4,7,DUO,BOT
2225,231,7,201,4,3,DUO,BOT
2226,231,8,58,4,12,SOLO,TOP
2227,231,9,203,4,11,NONE,JUNGLE
2228,231,10,115,4,21,SOLO,MID
2229,232,1,99,4,21,SOLO,MID
2230,232,2,32,11,4,NONE,JUNGLE
2231,232,3,85,4,12,SOLO,TOP
2232,232,4,53,4,3,DUO_SUPPORT,BOT
2233,232,5,236,4,7,DUO_CARRY,BOT
2234,232,6,92,14,4,SOLO,TOP
2235,232,7,11,4,11,NONE,JUNGLE
2236,232,8,412,3,4,DUO_SUPPORT,BOT
2237,232,9,202,4,7,DUO_CARRY,BOT
2238,232,10,7,4,12,SOLO,MID
2239,233,1,37,3,4,DUO_SUPPORT,BOT
2240,233,2,51,4,7,DUO_CARRY,BOT
2241,233,3,36,12,4,SOLO,TOP
2242,233,4,79,4,11,NONE,JUNGLE
2243,233,5,101,4,1,SOLO,MID
2244,233,6,99,4,21,SOLO,MID
2245,233,7,427,4,11,NONE,JUNGLE
2246,233,8,23,12,4,SOLO,TOP
2247,233,9,96,4,7,DUO_CARRY,BOT
2248,233,10,117,3,4,DUO_SUPPORT,BOT
2249,234,1,14,4,3,DUO_SUPPORT,BOT
2250,234,2,24,4,11,NONE,JUNGLE
2251,234,3,99,4,21,SOLO,MID
2252,234,4,91,12,4,SOLO,TOP
2253,234,5,22,7,4,DUO_CARRY,BOT
2254,234,6,16,3,4,DUO_SUPPORT,BOT
2255,234,7,39,12,4,SOLO,TOP
2256,234,8,107,4,11,NONE,JUNGLE
2257,234,9,163,3,4,SOLO,MID
2258,234,10,81,4,7,DUO_CARRY,BOT
2259,235,1,5,4,11,NONE,JUNGLE
2260,235,2,103,4,6,SOLO,MID
2261,235,3,110,4,7,DUO_CARRY,BOT
2262,235,4,86,4,12,SOLO,TOP
2263,235,5,89,4,7,DUO_SUPPORT,BOT
2264,235,6,21,7,4,DUO_CARRY,BOT
2265,235,7,111,4,3,DUO_SUPPORT,BOT
2266,235,8,54,12,4,SOLO,TOP
2267,235,9,104,11,4,NONE,JUNGLE
2268,235,10,131,3,4,SOLO,MID
2269,236,1,236,4,7,DUO_CARRY,BOT
2270,236,2,164,4,11,NONE,JUNGLE
2271,236,3,103,4,14,SOLO,MID
2272,236,4,114,12,4,SOLO,TOP
2273,236,5,12,3,4,DUO_SUPPORT,BOT
2274,236,6,78,12,4,DUO_SUPPORT,BOT
2275,236,7,35,14,12,SOLO,TOP
2276,236,8,67,4,7,DUO_CARRY,BOT
2277,236,9,245,4,14,SOLO,MID
2278,236,10,5,4,11,NONE,JUNGLE
2279,237,1,98,4,12,SOLO,TOP
2280,237,2,134,4,7,DUO_CARRY,BOT
2281,237,3,432,14,4,DUO_SUPPORT,BOT
2282,237,4,35,11,3,NONE,JUNGLE
2283,237,5,55,14,4,SOLO,MID
2284,237,6,111,4,3,DUO,BOT
2285,237,7,19,11,4,NONE,JUNGLE
2286,237,8,13,4,14,SOLO,MID
2287,237,9,29,4,7,DUO,BOT
2288,237,10,54,4,12,SOLO,TOP
2289,238,1,25,4,3,DUO_SUPPORT,BOT
2290,238,2,107,4,11,NONE,JUNGLE
2291,238,3,8,4,12,SOLO,TOP
2292,238,4,31,14,4,SOLO,MID
2293,238,5,236,4,7,DUO_CARRY,BOT
2294,238,6,29,4,7,DUO_CARRY,BOT
2295,238,7,41,12,4,SOLO,TOP
2296,238,8,427,4,11,NONE,JUNGLE
2297,238,9,90,12,4,SOLO,MID
2298,238,10,53,3,4,DUO_SUPPORT,BOT
2299,239,1,45,4,14,DUO,BOT
2300,239,2,64,11,4,NONE,JUNGLE
2301,239,3,29,4,7,DUO,BOT
2302,239,4,99,21,4,SOLO,MID
2303,239,5,35,12,14,SOLO,TOP
2304,239,6,98,12,4,SOLO,TOP
2305,239,7,117,4,3,DUO_SUPPORT,BOT
2306,239,8,236,4,7,DUO_CARRY,BOT
2307,239,9,32,4,11,NONE,JUNGLE
2308,239,10,110,21,4,SOLO,MID
2309,240,1,412,14,4,DUO_SUPPORT,BOT
2310,240,2,41,4,12,SOLO,TOP
2311,240,3,238,4,14,SOLO,MID
2312,240,4,64,11,4,NONE,JUNGLE
2313,240,5,67,4,7,DUO_CARRY,BOT
2314,240,6,29,4,7,DUO_CARRY,BOT
2315,240,7,89,4,3,DUO_SUPPORT,BOT
2316,240,8,1,4,14,SOLO,MID
2317,240,9,79,4,11,NONE,JUNGLE
2318,240,10,74,4,14,SOLO,TOP
2319,241,1,267,4,3,DUO_SUPPORT,BOT
2320,241,2,67,4,7,DUO_CARRY,BOT
2321,241,3,99,4,3,SOLO,MID
2322,241,4,133,14,4,SOLO,TOP
2323,241,5,64,4,11,NONE,JUNGLE
2324,241,6,62,4,11,NONE,JUNGLE
